dataset,tool,cohort_n,n_valid_predictions,n_correct_3class,accuracy_3class,P_LP_precision,P_LP_recall,P_LP_f1,P_LP_support,VUS_precision,VUS_recall,VUS_f1,VUS_support,B_LB_precision,B_LB_recall,B_LB_f1,B_LB_support
ClinGen,InterVar_2018,11409,7254,4341,0.3804890875624507,0.7966903073286052,0.2537172971955581,0.3848679514632406,5313,0.46668198529411764,0.5717905405405406,0.5139170040485831,3552,0.7950413223140496,0.3781446540880503,0.512519978689398,2544
ClinGen,InterVar_2025,11409,9509,4807,0.4213340345341397,0.9836769759450171,0.21550912855260682,0.3535587463331789,5313,0.4250529661016949,0.4518581081081081,0.4380458515283843,3552,0.450207922959072,0.8085691823899371,0.5783776184451006,2544
ClinGen,BIAS,11409,11407,8186,0.717503725129284,0.8303030303030303,0.6962168266516092,0.7573710073710073,5313,0.5434734267289304,0.6880630630630631,0.6072804075040379,3552,0.8321792260692464,0.8030660377358491,0.8173634726945389,2544
ClinGen,CharGer_Local,11409,9803,3499,0.3066877026908581,0.7272727272727273,0.0015057406361754188,0.003005259203606311,5313,0.34535064935064935,0.9358108108108109,0.5045154435759277,3552,1.0,0.06564465408805031,0.1232017705643674,2544
ClinGen,CharGer_Online,11409,9803,4611,0.404154614777807,0.8883720930232558,0.1797477884434406,0.29899812147777083,5313,0.38723352713178294,0.9000563063063063,0.5414972899728998,3552,0.972457627118644,0.1804245283018868,0.3043766578249337,2544
ClinGen,DiabloACMG,11409,9803,8556,0.7499342624244018,0.8879468377635197,0.7293431206474684,0.8008680376149633,5313,0.8592082616179002,0.7027027027027027,0.773114449434722,3552,0.8622730860299921,0.8588836477987422,0.8605750295391885,2544
ClinGen,Exomiser,11409,113,84,0.007362608466999737,0.9733333333333334,0.013739883305100696,0.027097253155159616,5313,0.2894736842105263,0.003096846846846847,0.006128133704735376,3552,0.0,0.0,0.0,2544
ClinGen,Genebe,11409,11407,10721,0.9396967306512403,0.9356129501636959,0.9681912290607942,0.9516233465914347,5313,0.9255257009345794,0.8921734234234234,0.9085435779816514,3552,0.9690140845070423,0.9465408805031447,0.9576456551998409,2544
ClinGen,TAPES,11409,11407,5930,0.5197650977298623,0.8239083750894775,0.43327686805947674,0.5679042802516344,5313,0.3844915149262975,0.8738738738738738,0.534021505376344,3552,0.9703703703703703,0.2059748427672956,0.3398184176394293,2544
ClinGen,Franklin,11409,9100,5472,0.4796213515645543,0.6069976771196284,0.7869376999811782,0.6853536595361037,5313,0.6785714285714286,0.026745495495495496,0.0514626218851571,3552,0.5772200772200772,0.470125786163522,0.5181975736568457,2544
ClinGen,AutoGVP,11409,9803,9613,0.8425804189674818,0.983751846381093,0.7521174477696216,0.85248,5313,0.968107302533532,0.9144144144144144,0.9404951498479802,3552,0.9928751047778709,0.9312106918238994,0.9610547667342799,2544
ClinGen,VIP-HL,11409,198,114,0.009992111490928214,1.0,0.004893657067570111,0.009739651620153587,5313,0.36507936507936506,0.01295045045045045,0.02501359434475258,3552,0.9130434782608695,0.01650943396226415,0.032432432432432434,2544
ClinGen,CancerSIGVAR,11409,931,516,0.045227452011569816,0.8952380952380953,0.05307735742518351,0.10021321961620469,5313,0.28330206378986866,0.042511261261261264,0.07392900856793146,3552,1.0,0.03262578616352201,0.06318995051389417,2544
ClinGen,CPSR,11409,3614,2777,0.2434043299149794,0.8325358851674641,0.19649915302089216,0.31795340338053907,5313,0.6904942965779468,0.25563063063063063,0.37312512841586193,3552,0.7894736842105263,0.3242924528301887,0.459738088604068,2544
