source,tool,dataset,status,equivalent_candidates
Results/AutoGVP/HGMD_Clinvar_Cancer_hg38_FINAL_CLEAN-autogvp-annotated-full_acmg_criteria_parsed.tsv,AutoGVP,HGMD_Clinvar_Cancer,canonical_prediction_and_criteria_match,[]
Results/AutoGVP/HGMD_Clinvar_HL_hg38_FINAL_CLEAN-autogvp-annotated-full_acmg_criteria_parsed.tsv,AutoGVP,HGMD_Clinvar_HL,canonical_prediction_and_criteria_match,[]
Results/AutoGVP/clingen_28012026_hg38_FINAL_CLEAN-autogvp-annotated-full_acmg_criteria_parsed.tsv,AutoGVP,clingen_28012026,canonical_prediction_and_criteria_match,[]
datasets/foxl2/results_fix/foxl2_hg38_autogvp.tsv,AutoGVP,foxl2,canonical_prediction_and_criteria_match,[]
Results/BIAS/HGMD_Clinvar_Cancer_hg38.tsv,BIAS,HGMD_Clinvar_Cancer,canonical_prediction_and_criteria_match,[]
Results/BIAS/HGMD_Clinvar_HL_hg38.tsv,BIAS,HGMD_Clinvar_HL,canonical_prediction_and_criteria_match,[]
Results/BIAS/clingen_28012026_hg38.tsv,BIAS,clingen_28012026,canonical_prediction_and_criteria_match,[]
datasets/foxl2/results_fix/foxl2_hg38_BIAS.tsv,BIAS,foxl2,canonical_prediction_and_criteria_match,[]
Results/CPSR/HGMD_Clinvar_Cancer_hg38_grch38.cpsr.grch38.classification.tsv,CPSR,HGMD_Clinvar_Cancer,canonical_prediction_and_criteria_match,[]
Results/CPSR/HGMD_Clinvar_HL_hg38_grch38.cpsr.grch38.classification.tsv,CPSR,HGMD_Clinvar_HL,canonical_prediction_and_criteria_match,['Results/CPSR/HGMD_Clinvar_HL_hg38_notvus_grch38.cpsr.grch38.classification.tsv']
Results/CPSR/clingen_28012026_hg38_grch38.cpsr.grch38.classification.tsv,CPSR,clingen_28012026,canonical_prediction_and_criteria_match,[]
Results/Cancer SIGVAR/HGMD_Clinvar_Cancer_hg19_CancerSIGVAR_input_formatted_Cancer_SIGVAR_Results.tsv,CancerSIGVAR,HGMD_Clinvar_Cancer,canonical_prediction_and_criteria_match,[]
Results/Cancer SIGVAR/clingen_cancerpredisposition_28012026_hg19_CancerSIGVAR_input_formatted_Cancer_SIGVAR_Results.tsv,CancerSIGVAR,clingen_28012026,canonical_prediction_and_criteria_match,[]
Results/CharGer_local/HGMD_Clinvar_Cancer_hg38_CharGer_local_annotated_VEPv97_results.tsv,CharGer_Local,HGMD_Clinvar_Cancer,canonical_prediction_and_criteria_match,[]
Results/CharGer_local/HGMD_Clinvar_HL_hg38_CharGer_local_annotated_VEPv97_results.tsv,CharGer_Local,HGMD_Clinvar_HL,canonical_prediction_and_criteria_match,[]
Results/CharGer_local/clingen_28012026_hg38_fixed_CharGer_local_annotated_VEPv97_results.tsv,CharGer_Local,clingen_28012026,canonical_prediction_and_criteria_match,[]
datasets/foxl2/results_fix/foxl2_hg38_CharGer_local_annotated_VEPv97.tsv,CharGer_Local,foxl2,canonical_prediction_and_criteria_match,[]
Results/CharGer_online/HGMD_Clinvar_Cancer_hg38_CharGer_online_annotated_and_local_ClinVar_results.tsv,CharGer_Online,HGMD_Clinvar_Cancer,canonical_prediction_and_criteria_match,[]
Results/CharGer_online/HGMD_Clinvar_HL_hg38_CharGer_online_annotated_and_local_ClinVar_results.tsv,CharGer_Online,HGMD_Clinvar_HL,canonical_prediction_and_criteria_match,[]
Results/CharGer_online/clingen_28012026_hg38_fixed_CharGer_online_annotated_and_local_ClinVar_results.tsv,CharGer_Online,clingen_28012026,canonical_prediction_and_criteria_match,[]
datasets/foxl2/results_fix/foxl2_hg38_CharGer_online.tsv,CharGer_Online,foxl2,canonical_prediction_and_criteria_match,[]
Results/DiabloACMG/HGMD_hg38_Clinvar_Cancer_annotated.tsv,DiabloACMG,HGMD_Clinvar_Cancer,canonical_prediction_and_criteria_match,[]
Results/DiabloACMG/HGMD_hg38_Clinvar_HL_annotated.tsv,DiabloACMG,HGMD_Clinvar_HL,canonical_prediction_and_criteria_match,[]
Results/DiabloACMG/clingen_hg38_28012026_annotated.tsv,DiabloACMG,clingen_28012026,canonical_prediction_and_criteria_match,[]
datasets/foxl2/results_fix/foxl2_hg38_DiabloACMG.tsv,DiabloACMG,foxl2,canonical_prediction_and_criteria_match,[]
Results/Exomiser/HGMD_Clinvar_Cancer_hg38-exomiser.variants.tsv,Exomiser,HGMD_Clinvar_Cancer,canonical_prediction_and_criteria_match,[]
Results/Exomiser/HGMD_Clinvar_HL_hg38-exomiser.variants.tsv,Exomiser,HGMD_Clinvar_HL,canonical_prediction_and_criteria_match,[]
Results/Exomiser/clingen_28012026_hg38-exomiser.variants.tsv,Exomiser,clingen_28012026,canonical_prediction_and_criteria_match,[]
datasets/foxl2/results_fix/foxl2_hg38_exomiser.tsv,Exomiser,foxl2,canonical_prediction_and_criteria_match,[]
Results/Franklin/merged_HGMD_Clinvar_Cancer_hg19_last_single_snp_variants.csv,Franklin,HGMD_Clinvar_Cancer,canonical_prediction_and_criteria_match,[]
Results/Franklin/merged_HGMD_Clinvar_HL_hg19_last_single_snp_variants.csv,Franklin,HGMD_Clinvar_HL,canonical_prediction_and_criteria_match,[]
Results/Franklin/merged_all_clingen_28012026_hg19_last_single_snp_variants.csv,Franklin,clingen_28012026,canonical_prediction_and_criteria_match,[]
datasets/foxl2/results_fix/foxl2_hg19_franklin.csv,Franklin,foxl2,canonical_prediction_and_criteria_match,[]
Results/Genebe/HGMD_Clinvar_Cancer_hg38_genebe.vcf,Genebe,HGMD_Clinvar_Cancer,canonical_prediction_and_criteria_match,[]
Results/Genebe/HGMD_Clinvar_HL_hg38_genebe.vcf,Genebe,HGMD_Clinvar_HL,canonical_prediction_and_criteria_match,[]
Results/Genebe/clingen_28012026_hg38_genebe.vcf,Genebe,clingen_28012026,canonical_prediction_and_criteria_match,[]
datasets/foxl2/results_fix/foxl2_hg38_genebe.vcf,Genebe,foxl2,canonical_prediction_and_criteria_match,[]
Results/Intervar_20180118/HGMD_Clinvar_Cancer_hg38_fixed.hg38_multianno.txt,InterVar_2018,HGMD_Clinvar_Cancer,canonical_prediction_and_criteria_match,[]
Results/Intervar_20180118/HGMD_Clinvar_HL_hg38_fixed.hg38_multianno.txt,InterVar_2018,HGMD_Clinvar_HL,canonical_prediction_and_criteria_match,[]
Results/Intervar_20180118/clingen_28012026_hg38.hg38_multianno.txt,InterVar_2018,clingen_28012026,canonical_prediction_and_criteria_match,[]
datasets/foxl2/results_fix/foxl2_hg38_intervar_20180118.txt,InterVar_2018,foxl2,canonical_prediction_and_criteria_match,[]
Results/Intervar_20250721/HGMD_Clinvar_Cancer_hg38_fixed.hg38_multianno.txt,InterVar_2025,HGMD_Clinvar_Cancer,canonical_prediction_and_criteria_match,[]
Results/Intervar_20250721/HGMD_Clinvar_HL_hg38_fixed.hg38_multianno.txt,InterVar_2025,HGMD_Clinvar_HL,canonical_prediction_and_criteria_match,[]
Results/Intervar_20250721/clingen_28012026_hg38.hg38_multianno.txt,InterVar_2025,clingen_28012026,canonical_prediction_and_criteria_match,[]
datasets/foxl2/results_fix/foxl2_hg38_intervar_20250721.txt,InterVar_2025,foxl2,canonical_prediction_and_criteria_match,[]
Results/TAPES/tapes_HGMD_Clinvar_Cancer_hg38.csv,TAPES,HGMD_Clinvar_Cancer,canonical_prediction_and_criteria_match,[]
Results/TAPES/tapes_HGMD_Clinvar_HL_hg38.csv,TAPES,HGMD_Clinvar_HL,canonical_prediction_and_criteria_match,[]
Results/TAPES/tapes_clingen_28012026_hg38_fixed.csv,TAPES,clingen_28012026,canonical_prediction_and_criteria_match,[]
datasets/foxl2/results_fix/foxl2_hg38_tapes.csv,TAPES,foxl2,canonical_prediction_and_criteria_match,[]
Results/VIP-HL/HGMD_Clinvar_HL_hg19_viphl_results.tsv,VIP-HL,HGMD_Clinvar_HL,canonical_prediction_and_criteria_match,[]
Results/VIP-HL/clingen_hearing_loss_28012026_hg19_viphl_results.tsv,VIP-HL,clingen_28012026,canonical_prediction_and_criteria_match,[]
datasets/foxl2/results_fix/foxl2_hg19_viphl.tsv,VIP-HL,foxl2,criteria_match_eight_unknown_vs_missing_classifications,[]
