criterion,total_missing_n,outside_scope_n,operationally_evaluable_but_not_assigned_n,outside_scope_fraction,operationally_evaluable_but_not_assigned_fraction
PVS1,875,0,875,0.0,1.0
PS1,452,0,452,0.0,1.0
PS2,1163,1163,0,1.0,0.0
PS3,3574,2627,947,0.7350307778399552,0.2649692221600447
PS4,7782,3290,4492,0.4227704960164482,0.5772295039835518
PM1,2905,0,2905,0.0,1.0
PM2,2711,0,2711,0.0,1.0
PM3,6915,6915,0,1.0,0.0
PM4,297,0,297,0.0,1.0
PM5,3556,0,3556,0.0,1.0
PM6,842,842,0,1.0,0.0
PP1,4376,4376,0,1.0,0.0
PP2,2135,29,2106,0.0135831381733021,0.986416861826698
PP3,3018,0,3018,0.0,1.0
PP4,12588,12001,587,0.9533682872577056,0.0466317127422942
PP5,0,0,0,0.0,0.0
BA1,1537,0,1537,0.0,1.0
BS1,1605,120,1485,0.0747663551401869,0.9252336448598132
BS2,2059,196,1863,0.0951918406993686,0.9048081593006314
BS3,962,829,133,0.8617463617463618,0.1382536382536382
BS4,104,104,0,1.0,0.0
BP1,121,39,82,0.3223140495867768,0.6776859504132231
BP2,722,719,3,0.9958448753462604,0.0041551246537396
BP3,4,0,4,0.0,1.0
BP4,5857,0,5857,0.0,1.0
BP5,720,720,0,1.0,0.0
BP6,0,0,0,0.0,0.0
BP7,1007,197,810,0.195630585898709,0.8043694141012909
