source,dataset,tool,actual_rows,archived_rows,missing_keys,extra_keys,mismatched_cells,status
analysis_2/results/all_variants/merged_results.tsv,clingen_28012026,AutoGVP,9803,9803,0,0,0,match
analysis_2/results/all_variants/merged_results.tsv,clingen_28012026,BIAS,11407,11407,0,0,0,match
analysis_2/results/all_variants/merged_results.tsv,clingen_28012026,CPSR,3614,3614,0,0,0,match
analysis_2/results/all_variants/merged_results.tsv,clingen_28012026,CancerSIGVAR,931,931,0,0,0,match
analysis_2/results/all_variants/merged_results.tsv,clingen_28012026,CharGer_Local,9803,9803,0,0,0,match
analysis_2/results/all_variants/merged_results.tsv,clingen_28012026,CharGer_Online,9803,9803,0,0,0,match
analysis_2/results/all_variants/merged_results.tsv,clingen_28012026,DiabloACMG,9803,9803,0,0,0,match
analysis_2/results/all_variants/merged_results.tsv,clingen_28012026,Exomiser,113,113,0,0,0,match
analysis_2/results/all_variants/merged_results.tsv,clingen_28012026,Franklin,9100,9100,0,0,0,match
analysis_2/results/all_variants/merged_results.tsv,clingen_28012026,Genebe,11407,11407,0,0,0,match
analysis_2/results/all_variants/merged_results.tsv,clingen_28012026,InterVar_2018,7254,7254,0,0,0,match
analysis_2/results/all_variants/merged_results.tsv,clingen_28012026,InterVar_2025,9509,9509,0,0,0,match
analysis_2/results/all_variants/merged_results.tsv,clingen_28012026,TAPES,11407,11407,0,0,0,match
analysis_2/results/all_variants/merged_results.tsv,clingen_28012026,VIP-HL,198,198,0,0,0,match
analysis_2/results/all_variants/merged_results_backup.tsv,clingen_28012026,AutoGVP,9803,9803,0,0,0,match
analysis_2/results/all_variants/merged_results_backup.tsv,clingen_28012026,BIAS,11407,11407,0,0,0,match
analysis_2/results/all_variants/merged_results_backup.tsv,clingen_28012026,CPSR,3614,3614,0,0,0,match
analysis_2/results/all_variants/merged_results_backup.tsv,clingen_28012026,CancerSIGVAR,931,931,0,0,0,match
analysis_2/results/all_variants/merged_results_backup.tsv,clingen_28012026,CharGer_Local,9803,9803,0,0,0,match
analysis_2/results/all_variants/merged_results_backup.tsv,clingen_28012026,CharGer_Online,9803,9803,0,0,0,match
analysis_2/results/all_variants/merged_results_backup.tsv,clingen_28012026,DiabloACMG,9803,9803,0,0,0,match
analysis_2/results/all_variants/merged_results_backup.tsv,clingen_28012026,Exomiser,113,113,0,0,0,match
analysis_2/results/all_variants/merged_results_backup.tsv,clingen_28012026,Franklin,9100,9100,0,0,0,match
analysis_2/results/all_variants/merged_results_backup.tsv,clingen_28012026,Genebe,11407,11407,0,0,0,match
analysis_2/results/all_variants/merged_results_backup.tsv,clingen_28012026,InterVar_2018,7254,7254,0,0,0,match
analysis_2/results/all_variants/merged_results_backup.tsv,clingen_28012026,InterVar_2025,9509,9509,0,0,0,match
analysis_2/results/all_variants/merged_results_backup.tsv,clingen_28012026,TAPES,11407,11407,0,0,0,match
analysis_2/results/all_variants/merged_results_backup.tsv,clingen_28012026,VIP-HL,198,198,0,0,0,match
analysis_2/results/per_dataset/clingen_28012026_merged_results.tsv,clingen_28012026,AutoGVP,9803,9803,0,0,0,match
analysis_2/results/per_dataset/clingen_28012026_merged_results.tsv,clingen_28012026,BIAS,11407,11407,0,0,0,match
analysis_2/results/per_dataset/clingen_28012026_merged_results.tsv,clingen_28012026,CPSR,3614,3614,0,0,0,match
analysis_2/results/per_dataset/clingen_28012026_merged_results.tsv,clingen_28012026,CancerSIGVAR,931,931,0,0,0,match
analysis_2/results/per_dataset/clingen_28012026_merged_results.tsv,clingen_28012026,CharGer_Local,9803,9803,0,0,0,match
analysis_2/results/per_dataset/clingen_28012026_merged_results.tsv,clingen_28012026,CharGer_Online,9803,9803,0,0,0,match
analysis_2/results/per_dataset/clingen_28012026_merged_results.tsv,clingen_28012026,DiabloACMG,9803,9803,0,0,0,match
analysis_2/results/per_dataset/clingen_28012026_merged_results.tsv,clingen_28012026,Exomiser,113,113,0,0,0,match
analysis_2/results/per_dataset/clingen_28012026_merged_results.tsv,clingen_28012026,Franklin,9100,9100,0,0,0,match
analysis_2/results/per_dataset/clingen_28012026_merged_results.tsv,clingen_28012026,Genebe,11407,11407,0,0,0,match
analysis_2/results/per_dataset/clingen_28012026_merged_results.tsv,clingen_28012026,InterVar_2018,7254,7254,0,0,0,match
analysis_2/results/per_dataset/clingen_28012026_merged_results.tsv,clingen_28012026,InterVar_2025,9509,9509,0,0,0,match
analysis_2/results/per_dataset/clingen_28012026_merged_results.tsv,clingen_28012026,TAPES,11407,11407,0,0,0,match
analysis_2/results/per_dataset/clingen_28012026_merged_results.tsv,clingen_28012026,VIP-HL,198,198,0,0,0,match
analysis_last/data/foxl2_merged_results.tsv,foxl2,AutoGVP,130,130,0,0,0,match
analysis_last/data/foxl2_merged_results.tsv,foxl2,BIAS,288,288,0,0,0,match
analysis_last/data/foxl2_merged_results.tsv,foxl2,CharGer_Local,130,130,0,0,0,match
analysis_last/data/foxl2_merged_results.tsv,foxl2,CharGer_Online,130,130,0,0,0,match
analysis_last/data/foxl2_merged_results.tsv,foxl2,DiabloACMG,140,140,0,0,0,match
analysis_last/data/foxl2_merged_results.tsv,foxl2,Exomiser,1,1,0,0,0,match
analysis_last/data/foxl2_merged_results.tsv,foxl2,Franklin,288,288,0,0,0,match
analysis_last/data/foxl2_merged_results.tsv,foxl2,Genebe,288,288,0,0,0,match
analysis_last/data/foxl2_merged_results.tsv,foxl2,InterVar_2018,98,98,0,0,0,match
analysis_last/data/foxl2_merged_results.tsv,foxl2,InterVar_2025,130,130,0,0,0,match
analysis_last/data/foxl2_merged_results.tsv,foxl2,TAPES,288,288,0,0,0,match
analysis_last/data/foxl2_merged_results.tsv,foxl2,VIP-HL,280,280,0,0,0,match
analysis_last/data/merged_results.tsv,clingen_28012026,AutoGVP,9803,9803,0,0,0,match
analysis_last/data/merged_results.tsv,clingen_28012026,BIAS,11407,11407,0,0,0,match
analysis_last/data/merged_results.tsv,clingen_28012026,CPSR,3614,3614,0,0,0,match
analysis_last/data/merged_results.tsv,clingen_28012026,CancerSIGVAR,931,931,0,0,0,match
analysis_last/data/merged_results.tsv,clingen_28012026,CharGer_Local,9803,9803,0,0,0,match
analysis_last/data/merged_results.tsv,clingen_28012026,CharGer_Online,9803,9803,0,0,0,match
analysis_last/data/merged_results.tsv,clingen_28012026,DiabloACMG,9803,9803,0,0,0,match
analysis_last/data/merged_results.tsv,clingen_28012026,Exomiser,113,113,0,0,0,match
analysis_last/data/merged_results.tsv,clingen_28012026,Franklin,9100,9100,0,0,0,match
analysis_last/data/merged_results.tsv,clingen_28012026,Genebe,11407,11407,0,0,0,match
analysis_last/data/merged_results.tsv,clingen_28012026,InterVar_2018,7254,7254,0,0,0,match
analysis_last/data/merged_results.tsv,clingen_28012026,InterVar_2025,9509,9509,0,0,0,match
analysis_last/data/merged_results.tsv,clingen_28012026,TAPES,11407,11407,0,0,0,match
analysis_last/data/merged_results.tsv,clingen_28012026,VIP-HL,198,198,0,0,0,match
analysis_last/data/merged_results_backup.tsv,clingen_28012026,AutoGVP,9803,9803,0,0,0,match
analysis_last/data/merged_results_backup.tsv,clingen_28012026,BIAS,11407,11407,0,0,0,match
analysis_last/data/merged_results_backup.tsv,clingen_28012026,CPSR,3614,3614,0,0,0,match
analysis_last/data/merged_results_backup.tsv,clingen_28012026,CancerSIGVAR,931,931,0,0,0,match
analysis_last/data/merged_results_backup.tsv,clingen_28012026,CharGer_Local,9803,9803,0,0,0,match
analysis_last/data/merged_results_backup.tsv,clingen_28012026,CharGer_Online,9803,9803,0,0,0,match
analysis_last/data/merged_results_backup.tsv,clingen_28012026,DiabloACMG,9803,9803,0,0,0,match
analysis_last/data/merged_results_backup.tsv,clingen_28012026,Exomiser,113,113,0,0,0,match
analysis_last/data/merged_results_backup.tsv,clingen_28012026,Franklin,9100,9100,0,0,0,match
analysis_last/data/merged_results_backup.tsv,clingen_28012026,Genebe,11407,11407,0,0,0,match
analysis_last/data/merged_results_backup.tsv,clingen_28012026,InterVar_2018,7254,7254,0,0,0,match
analysis_last/data/merged_results_backup.tsv,clingen_28012026,InterVar_2025,9509,9509,0,0,0,match
analysis_last/data/merged_results_backup.tsv,clingen_28012026,TAPES,11407,11407,0,0,0,match
analysis_last/data/merged_results_backup.tsv,clingen_28012026,VIP-HL,198,198,0,0,0,match
analysis_last/data/merged_results_fixed.tsv,clingen_28012026,AutoGVP,9803,9803,0,0,0,match
analysis_last/data/merged_results_fixed.tsv,clingen_28012026,BIAS,11407,11407,0,0,0,match
analysis_last/data/merged_results_fixed.tsv,clingen_28012026,CPSR,3614,3614,0,0,0,match
analysis_last/data/merged_results_fixed.tsv,clingen_28012026,CancerSIGVAR,931,931,0,0,0,match
analysis_last/data/merged_results_fixed.tsv,clingen_28012026,CharGer_Local,9803,9803,0,0,0,match
analysis_last/data/merged_results_fixed.tsv,clingen_28012026,CharGer_Online,9803,9803,0,0,0,match
analysis_last/data/merged_results_fixed.tsv,clingen_28012026,DiabloACMG,9803,9803,0,0,0,match
analysis_last/data/merged_results_fixed.tsv,clingen_28012026,Exomiser,113,113,0,0,0,match
analysis_last/data/merged_results_fixed.tsv,clingen_28012026,Franklin,9100,9100,0,0,0,match
analysis_last/data/merged_results_fixed.tsv,clingen_28012026,Genebe,11407,11407,0,0,0,match
analysis_last/data/merged_results_fixed.tsv,clingen_28012026,InterVar_2018,7254,7254,0,0,0,match
analysis_last/data/merged_results_fixed.tsv,clingen_28012026,InterVar_2025,9509,9509,0,0,0,match
analysis_last/data/merged_results_fixed.tsv,clingen_28012026,TAPES,11407,11407,0,0,0,match
analysis_last/data/merged_results_fixed.tsv,clingen_28012026,VIP-HL,198,198,0,0,0,match
analysis_last/data/merged_results_with_genebe_gene.tsv,clingen_28012026,AutoGVP,9803,9803,0,0,0,match
analysis_last/data/merged_results_with_genebe_gene.tsv,clingen_28012026,BIAS,11407,11407,0,0,0,match
analysis_last/data/merged_results_with_genebe_gene.tsv,clingen_28012026,CPSR,3614,3614,0,0,0,match
analysis_last/data/merged_results_with_genebe_gene.tsv,clingen_28012026,CancerSIGVAR,931,931,0,0,0,match
analysis_last/data/merged_results_with_genebe_gene.tsv,clingen_28012026,CharGer_Local,9803,9803,0,0,0,match
analysis_last/data/merged_results_with_genebe_gene.tsv,clingen_28012026,CharGer_Online,9803,9803,0,0,0,match
analysis_last/data/merged_results_with_genebe_gene.tsv,clingen_28012026,DiabloACMG,9803,9803,0,0,0,match
analysis_last/data/merged_results_with_genebe_gene.tsv,clingen_28012026,Exomiser,113,113,0,0,0,match
analysis_last/data/merged_results_with_genebe_gene.tsv,clingen_28012026,Franklin,9100,9100,0,0,0,match
analysis_last/data/merged_results_with_genebe_gene.tsv,clingen_28012026,Genebe,11407,11407,0,0,0,match
analysis_last/data/merged_results_with_genebe_gene.tsv,clingen_28012026,InterVar_2018,7254,7254,0,0,0,match
analysis_last/data/merged_results_with_genebe_gene.tsv,clingen_28012026,InterVar_2025,9509,9509,0,0,0,match
analysis_last/data/merged_results_with_genebe_gene.tsv,clingen_28012026,TAPES,11407,11407,0,0,0,match
analysis_last/data/merged_results_with_genebe_gene.tsv,clingen_28012026,VIP-HL,198,198,0,0,0,match
datasets/foxl2/analysis/results/foxl2_merged_results.tsv,foxl2,AutoGVP,130,130,0,0,0,match
datasets/foxl2/analysis/results/foxl2_merged_results.tsv,foxl2,BIAS,288,288,0,0,0,match
datasets/foxl2/analysis/results/foxl2_merged_results.tsv,foxl2,CharGer_Local,130,130,0,0,0,match
datasets/foxl2/analysis/results/foxl2_merged_results.tsv,foxl2,CharGer_Online,130,130,0,0,0,match
datasets/foxl2/analysis/results/foxl2_merged_results.tsv,foxl2,DiabloACMG,140,140,0,0,0,match
datasets/foxl2/analysis/results/foxl2_merged_results.tsv,foxl2,Exomiser,1,1,0,0,0,match
datasets/foxl2/analysis/results/foxl2_merged_results.tsv,foxl2,Franklin,288,288,0,0,0,match
datasets/foxl2/analysis/results/foxl2_merged_results.tsv,foxl2,Genebe,288,288,0,0,0,match
datasets/foxl2/analysis/results/foxl2_merged_results.tsv,foxl2,InterVar_2018,98,98,0,0,0,match
datasets/foxl2/analysis/results/foxl2_merged_results.tsv,foxl2,InterVar_2025,130,130,0,0,0,match
datasets/foxl2/analysis/results/foxl2_merged_results.tsv,foxl2,TAPES,288,288,0,0,0,match
datasets/foxl2/analysis/results/foxl2_merged_results.tsv,foxl2,VIP-HL,280,280,0,0,0,match
