Tool,Dataset,Total_Variants,Classified,Call_Rate
InterVar_2018,ClinGen,11409,7254,63.58138311859059
InterVar_2025,ClinGen,11409,9509,83.34648084845297
BIAS,ClinGen,11409,11407,99.98246997984047
CharGer_Local,ClinGen,11409,9803,85.92339381190288
CharGer_Online,ClinGen,11409,9803,85.92339381190288
DiabloACMG,ClinGen,11409,9803,85.92339381190288
Exomiser,ClinGen,11409,113,0.9904461390130598
Genebe,ClinGen,11409,11407,99.98246997984047
TAPES,ClinGen,11409,11407,99.98246997984047
Franklin,ClinGen,11409,9100,79.76159172583048
AutoGVP,ClinGen,11409,9803,85.92339381190288
VIP-HL,ClinGen,11409,198,1.7354719957927953
CancerSIGVAR,ClinGen,11409,931,8.160224384258042
CPSR,ClinGen,11409,3614,31.67674642825839
InterVar_2018,HGMD+ClinVar HL,1948,1368,70.2258726899384
InterVar_2025,HGMD+ClinVar HL,1948,1549,79.51745379876797
BIAS,HGMD+ClinVar HL,1948,1944,99.7946611909651
CharGer_Local,HGMD+ClinVar HL,1948,1830,93.94250513347022
CharGer_Online,HGMD+ClinVar HL,1948,1830,93.94250513347022
DiabloACMG,HGMD+ClinVar HL,1948,1834,94.14784394250513
Exomiser,HGMD+ClinVar HL,1948,6,0.3080082135523614
Genebe,HGMD+ClinVar HL,1948,1944,99.7946611909651
TAPES,HGMD+ClinVar HL,1948,988,50.71868583162218
Franklin,HGMD+ClinVar HL,1948,1483,76.129363449692
AutoGVP,HGMD+ClinVar HL,1948,1830,93.94250513347022
VIP-HL,HGMD+ClinVar HL,1948,1944,99.7946611909651
CancerSIGVAR,HGMD+ClinVar HL,1948,0,0.0
CPSR,HGMD+ClinVar HL,1948,140,7.186858316221765
InterVar_2018,HGMD+ClinVar Cancer,1788,1347,75.33557046979867
InterVar_2025,HGMD+ClinVar Cancer,1788,1501,83.94854586129755
BIAS,HGMD+ClinVar Cancer,1788,1788,100.0
CharGer_Local,HGMD+ClinVar Cancer,1788,1671,93.45637583892618
CharGer_Online,HGMD+ClinVar Cancer,1788,1671,93.45637583892618
DiabloACMG,HGMD+ClinVar Cancer,1788,1678,93.84787472035794
Exomiser,HGMD+ClinVar Cancer,1788,4,0.22371364653243847
Genebe,HGMD+ClinVar Cancer,1788,1788,100.0
TAPES,HGMD+ClinVar Cancer,1788,808,45.19015659955257
Franklin,HGMD+ClinVar Cancer,1788,1157,64.70917225950782
AutoGVP,HGMD+ClinVar Cancer,1788,1671,93.45637583892618
VIP-HL,HGMD+ClinVar Cancer,1788,0,0.0
CancerSIGVAR,HGMD+ClinVar Cancer,1788,1416,79.19463087248322
CPSR,HGMD+ClinVar Cancer,1788,1500,83.89261744966443
InterVar_2018,FOXL2,288,98,34.02777777777778
InterVar_2025,FOXL2,288,130,45.13888888888889
BIAS,FOXL2,288,288,100.0
CharGer_Local,FOXL2,288,130,45.13888888888889
CharGer_Online,FOXL2,288,130,45.13888888888889
DiabloACMG,FOXL2,288,140,48.61111111111111
Exomiser,FOXL2,288,1,0.3472222222222222
Genebe,FOXL2,288,288,100.0
TAPES,FOXL2,288,288,100.0
Franklin,FOXL2,288,288,100.0
AutoGVP,FOXL2,288,130,45.13888888888889
VIP-HL,FOXL2,288,280,97.22222222222221
