Tool,Criterion,Dataset,Jaccard_Similarity,Intersection,Union
InterVar_2018,PVS1,clingen_28012026,0.21039903264812576,522,2481
InterVar_2018,PS1,clingen_28012026,0.027972027972027972,4,143
InterVar_2018,PS2,clingen_28012026,0.0,0,341
InterVar_2018,PS3,clingen_28012026,0.0,0,1372
InterVar_2018,PS4,clingen_28012026,0.0,0,2074
InterVar_2018,PM1,clingen_28012026,0.2161035541904344,985,4558
InterVar_2018,PM2,clingen_28012026,0.49845333333333336,4673,9375
InterVar_2018,PM3,clingen_28012026,0.0,0,2206
InterVar_2018,PM4,clingen_28012026,0.057692307692307696,12,208
InterVar_2018,PM5,clingen_28012026,0.045124899274778404,56,1241
InterVar_2018,PM6,clingen_28012026,0.0,0,236
InterVar_2018,PP1,clingen_28012026,0.0,0,1327
InterVar_2018,PP2,clingen_28012026,0.04532304725168756,47,1037
InterVar_2018,PP3,clingen_28012026,0.5414821944177093,2813,5195
InterVar_2018,PP4,clingen_28012026,0.0,0,3759
InterVar_2018,PP5,clingen_28012026,0.0,0,1559
InterVar_2018,BA1,clingen_28012026,0.10348258706467661,104,1005
InterVar_2018,BS1,clingen_28012026,0.05694980694980695,59,1036
InterVar_2018,BS2,clingen_28012026,0.0,0,701
InterVar_2018,BS3,clingen_28012026,0.0,0,277
InterVar_2018,BS4,clingen_28012026,0.0,0,30
InterVar_2018,BP1,clingen_28012026,0.04559585492227979,44,965
InterVar_2018,BP2,clingen_28012026,0.0,0,211
InterVar_2018,BP3,clingen_28012026,0.0,0,20
InterVar_2018,BP4,clingen_28012026,0.3022084463386284,780,2581
InterVar_2018,BP5,clingen_28012026,0.0,0,228
InterVar_2018,BP6,clingen_28012026,0.0,0,710
InterVar_2018,BP7,clingen_28012026,0.41368078175895767,508,1228
InterVar_2025,PVS1,clingen_28012026,0.44992050874403816,1132,2516
InterVar_2025,PS1,clingen_28012026,0.0457516339869281,7,153
InterVar_2025,PS2,clingen_28012026,0.0,0,341
InterVar_2025,PS3,clingen_28012026,0.0,0,1372
InterVar_2025,PS4,clingen_28012026,0.0,0,2075
InterVar_2025,PM1,clingen_28012026,0.18613861386138614,1034,5555
InterVar_2025,PM2,clingen_28012026,0.052016724053123464,423,8132
InterVar_2025,PM3,clingen_28012026,0.0,0,2206
InterVar_2025,PM4,clingen_28012026,0.06698564593301436,14,209
InterVar_2025,PM5,clingen_28012026,0.10312273057371096,142,1377
InterVar_2025,PM6,clingen_28012026,0.0,0,236
InterVar_2025,PP1,clingen_28012026,0.0,0,1327
InterVar_2025,PP2,clingen_28012026,0.03260188087774295,52,1595
InterVar_2025,PP3,clingen_28012026,0.5563922356091031,3325,5976
InterVar_2025,PP4,clingen_28012026,0.0,0,3759
InterVar_2025,PP5,clingen_28012026,0.0,0,3764
InterVar_2025,BA1,clingen_28012026,0.1373134328358209,138,1005
InterVar_2025,BS1,clingen_28012026,0.059573481687528976,514,8628
InterVar_2025,BS2,clingen_28012026,0.0,0,701
InterVar_2025,BS3,clingen_28012026,0.0,0,277
InterVar_2025,BS4,clingen_28012026,0.0,0,30
InterVar_2025,BP1,clingen_28012026,0.017753623188405798,49,2760
InterVar_2025,BP2,clingen_28012026,0.0,0,211
InterVar_2025,BP3,clingen_28012026,0.0,0,20
InterVar_2025,BP4,clingen_28012026,0.34836997725549657,919,2638
InterVar_2025,BP5,clingen_28012026,0.0,0,228
InterVar_2025,BP6,clingen_28012026,0.0,0,2080
InterVar_2025,BP7,clingen_28012026,0.4925606891151135,629,1277
BIAS,PVS1,clingen_28012026,0.7864768683274022,2210,2810
BIAS,PS1,clingen_28012026,0.01256281407035176,5,398
BIAS,PS2,clingen_28012026,0.0,0,341
BIAS,PS3,clingen_28012026,0.2633333333333333,790,3000
BIAS,PS4,clingen_28012026,0.06260819388343912,217,3466
BIAS,PM1,clingen_28012026,0.16567840948726892,475,2867
BIAS,PM2,clingen_28012026,0.802184330770088,7198,8973
BIAS,PM3,clingen_28012026,0.0,0,2206
BIAS,PM4,clingen_28012026,0.06968641114982578,20,287
BIAS,PM5,clingen_28012026,0.19868995633187772,364,1832
BIAS,PM6,clingen_28012026,0.0,0,236
BIAS,PP1,clingen_28012026,0.0,0,1327
BIAS,PP2,clingen_28012026,0.39751552795031053,512,1288
BIAS,PP3,clingen_28012026,0.7364564831261101,3317,4504
BIAS,PP4,clingen_28012026,0.0,0,3759
BIAS,PP5,clingen_28012026,0.0,0,3596
BIAS,BA1,clingen_28012026,0.4962121212121212,524,1056
BIAS,BS1,clingen_28012026,0.26395039858281666,298,1129
BIAS,BS2,clingen_28012026,0.14487034949267194,257,1774
BIAS,BS3,clingen_28012026,0.0,0,277
BIAS,BS4,clingen_28012026,0.0,0,30
BIAS,BP1,clingen_28012026,0.03617571059431524,14,387
BIAS,BP2,clingen_28012026,0.0,0,211
BIAS,BP3,clingen_28012026,0.0,0,26
BIAS,BP4,clingen_28012026,0.3231197771587744,1740,5385
BIAS,BP5,clingen_28012026,0.0,0,228
BIAS,BP6,clingen_28012026,0.0,0,2121
BIAS,BP7,clingen_28012026,0.5600277585010409,807,1441
CharGer_Local,PVS1,clingen_28012026,0.0,0,2475
CharGer_Local,PS1,clingen_28012026,0.0,0,138
CharGer_Local,PS2,clingen_28012026,0.0,0,341
CharGer_Local,PS3,clingen_28012026,0.0,0,1372
CharGer_Local,PS4,clingen_28012026,0.0,0,2074
CharGer_Local,PM1,clingen_28012026,0.0,0,1308
CharGer_Local,PM2,clingen_28012026,0.6362472927741681,6463,10158
CharGer_Local,PM3,clingen_28012026,0.0,0,2206
CharGer_Local,PM4,clingen_28012026,0.0,0,204
CharGer_Local,PM5,clingen_28012026,0.0,0,1203
CharGer_Local,PM6,clingen_28012026,0.0,0,236
CharGer_Local,PP1,clingen_28012026,0.0,0,1327
CharGer_Local,PP2,clingen_28012026,0.0,0,655
CharGer_Local,PP3,clingen_28012026,0.21265046023129572,901,4237
CharGer_Local,PP4,clingen_28012026,0.0,0,3759
CharGer_Local,PP5,clingen_28012026,0.0,0,0
CharGer_Local,BA1,clingen_28012026,0.16616915422885573,167,1005
CharGer_Local,BS1,clingen_28012026,0.0,0,668
CharGer_Local,BS2,clingen_28012026,0.0,0,701
CharGer_Local,BS3,clingen_28012026,0.0,0,277
CharGer_Local,BS4,clingen_28012026,0.0,0,30
CharGer_Local,BP1,clingen_28012026,0.0,0,51
CharGer_Local,BP2,clingen_28012026,0.0,0,211
CharGer_Local,BP3,clingen_28012026,0.0,0,20
CharGer_Local,BP4,clingen_28012026,0.20338420703384208,613,3014
CharGer_Local,BP5,clingen_28012026,0.0,0,228
CharGer_Local,BP6,clingen_28012026,0.0,0,0
CharGer_Local,BP7,clingen_28012026,0.0,0,936
CharGer_Online,PVS1,clingen_28012026,0.0,0,2475
CharGer_Online,PS1,clingen_28012026,0.023688663282571912,28,1182
CharGer_Online,PS2,clingen_28012026,0.0,0,341
CharGer_Online,PS3,clingen_28012026,0.0,0,1372
CharGer_Online,PS4,clingen_28012026,0.0,0,2074
CharGer_Online,PM1,clingen_28012026,0.0,0,1308
CharGer_Online,PM2,clingen_28012026,0.5891034985422741,6466,10976
CharGer_Online,PM3,clingen_28012026,0.0,0,2206
CharGer_Online,PM4,clingen_28012026,0.0,0,204
CharGer_Online,PM5,clingen_28012026,0.0,0,1203
CharGer_Online,PM6,clingen_28012026,0.0,0,236
CharGer_Online,PP1,clingen_28012026,0.0,0,1327
CharGer_Online,PP2,clingen_28012026,0.0,0,655
CharGer_Online,PP3,clingen_28012026,0.008908685968819599,32,3592
CharGer_Online,PP4,clingen_28012026,0.0,0,3759
CharGer_Online,PP5,clingen_28012026,0.0,0,0
CharGer_Online,BA1,clingen_28012026,0.0,0,1005
CharGer_Online,BS1,clingen_28012026,0.0,0,668
CharGer_Online,BS2,clingen_28012026,0.0,0,701
CharGer_Online,BS3,clingen_28012026,0.0,0,277
CharGer_Online,BS4,clingen_28012026,0.0,0,30
CharGer_Online,BP1,clingen_28012026,0.0,0,51
CharGer_Online,BP2,clingen_28012026,0.0,0,211
CharGer_Online,BP3,clingen_28012026,0.0,0,20
CharGer_Online,BP4,clingen_28012026,0.01964207769532955,45,2291
CharGer_Online,BP5,clingen_28012026,0.0,0,228
CharGer_Online,BP6,clingen_28012026,0.0,0,0
CharGer_Online,BP7,clingen_28012026,0.0,0,936
DiabloACMG,PVS1,clingen_28012026,0.4497816593886463,1133,2519
DiabloACMG,PS1,clingen_28012026,0.021178027796161483,32,1511
DiabloACMG,PS2,clingen_28012026,0.0,0,341
DiabloACMG,PS3,clingen_28012026,0.2353364519611371,654,2779
DiabloACMG,PS4,clingen_28012026,0.0,0,2074
DiabloACMG,PM1,clingen_28012026,0.17468865701783912,519,2971
DiabloACMG,PM2,clingen_28012026,0.6193901035673187,6459,10428
DiabloACMG,PM3,clingen_28012026,0.0,0,2206
DiabloACMG,PM4,clingen_28012026,0.06698564593301436,14,209
DiabloACMG,PM5,clingen_28012026,0.13243243243243244,196,1480
DiabloACMG,PM6,clingen_28012026,0.0,0,236
DiabloACMG,PP1,clingen_28012026,0.0,0,1327
DiabloACMG,PP2,clingen_28012026,0.03260188087774295,52,1595
DiabloACMG,PP3,clingen_28012026,0.5464746273656004,3263,5971
DiabloACMG,PP4,clingen_28012026,0.0,0,3759
DiabloACMG,PP5,clingen_28012026,0.0,0,4074
DiabloACMG,BA1,clingen_28012026,0.16517412935323383,166,1005
DiabloACMG,BS1,clingen_28012026,0.0,0,834
DiabloACMG,BS2,clingen_28012026,0.05177664974619289,51,985
DiabloACMG,BS3,clingen_28012026,0.07512953367875648,174,2316
DiabloACMG,BS4,clingen_28012026,0.0,0,30
DiabloACMG,BP1,clingen_28012026,0.017805232558139535,49,2752
DiabloACMG,BP2,clingen_28012026,0.0,0,211
DiabloACMG,BP3,clingen_28012026,0.0,0,20
DiabloACMG,BP4,clingen_28012026,0.3912466843501326,1180,3016
DiabloACMG,BP5,clingen_28012026,0.0,0,228
DiabloACMG,BP6,clingen_28012026,0.0,0,2288
DiabloACMG,BP7,clingen_28012026,0.49920508744038156,628,1258
Exomiser,PVS1,clingen_28012026,0.006838294448913918,17,2486
Exomiser,PS1,clingen_28012026,0.0,0,139
Exomiser,PS2,clingen_28012026,0.0,0,341
Exomiser,PS3,clingen_28012026,0.0,0,1372
Exomiser,PS4,clingen_28012026,0.0,0,2074
Exomiser,PM1,clingen_28012026,0.0030234315948601664,4,1323
Exomiser,PM2,clingen_28012026,0.008868617762574433,70,7893
Exomiser,PM3,clingen_28012026,0.0,0,2206
Exomiser,PM4,clingen_28012026,0.0196078431372549,4,204
Exomiser,PM5,clingen_28012026,0.003284072249589491,4,1218
Exomiser,PM6,clingen_28012026,0.0,0,236
Exomiser,PP1,clingen_28012026,0.0,0,1327
Exomiser,PP2,clingen_28012026,0.0,0,655
Exomiser,PP3,clingen_28012026,0.010095344924284913,36,3566
Exomiser,PP4,clingen_28012026,0.0,0,3759
Exomiser,PP5,clingen_28012026,0.0,0,84
Exomiser,BA1,clingen_28012026,0.0,0,1005
Exomiser,BS1,clingen_28012026,0.0,0,668
Exomiser,BS2,clingen_28012026,0.0,0,701
Exomiser,BS3,clingen_28012026,0.0,0,277
Exomiser,BS4,clingen_28012026,0.0,0,30
Exomiser,BP1,clingen_28012026,0.0,0,51
Exomiser,BP2,clingen_28012026,0.0,0,211
Exomiser,BP3,clingen_28012026,0.0,0,20
Exomiser,BP4,clingen_28012026,0.0004640371229698376,1,2155
Exomiser,BP5,clingen_28012026,0.0,0,228
Exomiser,BP6,clingen_28012026,0.0,0,1
Exomiser,BP7,clingen_28012026,0.0,0,936
Genebe,PVS1,clingen_28012026,0.8374864572047671,2319,2769
Genebe,PS1,clingen_28012026,0.6139240506329114,97,158
Genebe,PS2,clingen_28012026,0.783625730994152,268,342
Genebe,PS3,clingen_28012026,0.8331108144192256,1248,1498
Genebe,PS4,clingen_28012026,0.7653846153846153,1592,2080
Genebe,PM1,clingen_28012026,0.6802646085997794,1234,1814
Genebe,PM2,clingen_28012026,0.9439009287925697,7622,8075
Genebe,PM3,clingen_28012026,0.6484162895927602,1433,2210
Genebe,PM4,clingen_28012026,0.15807560137457044,46,291
Genebe,PM5,clingen_28012026,0.6696675900277008,967,1444
Genebe,PM6,clingen_28012026,0.7866108786610879,188,239
Genebe,PP1,clingen_28012026,0.7330827067669173,975,1330
Genebe,PP2,clingen_28012026,0.6301775147928994,639,1014
Genebe,PP3,clingen_28012026,0.9245683930942895,3481,3765
Genebe,PP4,clingen_28012026,0.6834972096731331,2572,3763
Genebe,PP5,clingen_28012026,0.0,0,778
Genebe,BA1,clingen_28012026,0.8579940417080437,864,1007
Genebe,BS1,clingen_28012026,0.7638121546961326,553,724
Genebe,BS2,clingen_28012026,0.7644287396937574,649,849
Genebe,BS3,clingen_28012026,0.8678571428571429,243,280
Genebe,BS4,clingen_28012026,0.9333333333333333,28,30
Genebe,BP1,clingen_28012026,0.9411764705882353,48,51
Genebe,BP2,clingen_28012026,0.8862559241706162,187,211
Genebe,BP3,clingen_28012026,0.0,0,25
Genebe,BP4,clingen_28012026,0.8713921901528013,2053,2356
Genebe,BP5,clingen_28012026,0.8333333333333334,190,228
Genebe,BP6,clingen_28012026,0.0,0,249
Genebe,BP7,clingen_28012026,0.8862212943632568,849,958
TAPES,PVS1,clingen_28012026,0.5168880455407969,1362,2635
TAPES,PS1,clingen_28012026,0.0070921985815602835,1,141
TAPES,PS2,clingen_28012026,0.0,0,341
TAPES,PS3,clingen_28012026,0.031490552834149754,45,1429
TAPES,PS4,clingen_28012026,0.0,0,2075
TAPES,PM1,clingen_28012026,0.22176063303659743,1121,5055
TAPES,PM2,clingen_28012026,0.7753784056508577,7684,9910
TAPES,PM3,clingen_28012026,0.0,0,2206
TAPES,PM4,clingen_28012026,0.0625,17,272
TAPES,PM5,clingen_28012026,0.0,0,1207
TAPES,PM6,clingen_28012026,0.0,0,236
TAPES,PP1,clingen_28012026,0.0,0,1327
TAPES,PP2,clingen_28012026,0.0,0,655
TAPES,PP3,clingen_28012026,0.5531234214514228,3285,5939
TAPES,PP4,clingen_28012026,0.0,0,3759
TAPES,PP5,clingen_28012026,0.0,0,2514
TAPES,BA1,clingen_28012026,0.16998011928429424,171,1006
TAPES,BS1,clingen_28012026,0.08352668213457076,108,1293
TAPES,BS2,clingen_28012026,0.0014144271570014145,1,707
TAPES,BS3,clingen_28012026,0.008247422680412371,4,485
TAPES,BS4,clingen_28012026,0.0,0,30
TAPES,BP1,clingen_28012026,0.0,0,51
TAPES,BP2,clingen_28012026,0.0,0,211
TAPES,BP3,clingen_28012026,0.0,0,59
TAPES,BP4,clingen_28012026,0.19306930693069307,507,2626
TAPES,BP5,clingen_28012026,0.0,0,228
TAPES,BP6,clingen_28012026,0.0,0,400
TAPES,BP7,clingen_28012026,0.0,0,936
Franklin,PVS1,clingen_28012026,0.6861861861861862,1828,2664
Franklin,PS1,clingen_28012026,0.24115755627009647,75,311
Franklin,PS2,clingen_28012026,0.6684491978609626,250,374
Franklin,PS3,clingen_28012026,0.682,1023,1500
Franklin,PS4,clingen_28012026,0.6231633535004322,1442,2314
Franklin,PM1,clingen_28012026,0.30152990264255913,1084,3595
Franklin,PM2,clingen_28012026,0.7134682632192434,6733,9437
Franklin,PM3,clingen_28012026,0.6001694197373995,1417,2361
Franklin,PM4,clingen_28012026,0.13909774436090225,37,266
Franklin,PM5,clingen_28012026,0.3480303577882183,963,2767
Franklin,PM6,clingen_28012026,0.6382113821138211,157,246
Franklin,PP1,clingen_28012026,0.6051873198847262,840,1388
Franklin,PP2,clingen_28012026,0.15418163160595177,601,3898
Franklin,PP3,clingen_28012026,0.788135593220339,3441,4366
Franklin,PP4,clingen_28012026,0.5337586390217969,2008,3762
Franklin,PP5,clingen_28012026,0.0,0,4050
Franklin,BA1,clingen_28012026,0.17357762777242045,180,1037
Franklin,BS1,clingen_28012026,0.13614457831325302,113,830
Franklin,BS2,clingen_28012026,0.45129224652087474,454,1006
Franklin,BS3,clingen_28012026,0.6950819672131148,212,305
Franklin,BS4,clingen_28012026,0.5483870967741935,17,31
Franklin,BP1,clingen_28012026,0.0,0,51
Franklin,BP2,clingen_28012026,0.36492890995260663,77,211
Franklin,BP3,clingen_28012026,0.0,0,25
Franklin,BP4,clingen_28012026,0.21776627856834843,505,2319
Franklin,BP5,clingen_28012026,0.5043859649122807,115,228
Franklin,BP6,clingen_28012026,0.0,0,1214
Franklin,BP7,clingen_28012026,0.06196581196581197,58,936
AutoGVP,PVS1,clingen_28012026,0.4495230524642289,1131,2516
AutoGVP,PS1,clingen_28012026,0.0457516339869281,7,153
AutoGVP,PS2,clingen_28012026,0.0,0,341
AutoGVP,PS3,clingen_28012026,0.0,0,1372
AutoGVP,PS4,clingen_28012026,0.0,0,2075
AutoGVP,PM1,clingen_28012026,0.1860716213784416,1034,5557
AutoGVP,PM2,clingen_28012026,0.6432618373128288,6358,9884
AutoGVP,PM3,clingen_28012026,0.0,0,2206
AutoGVP,PM4,clingen_28012026,0.06698564593301436,14,209
AutoGVP,PM5,clingen_28012026,0.10312273057371096,142,1377
AutoGVP,PM6,clingen_28012026,0.0,0,236
AutoGVP,PP1,clingen_28012026,0.0,0,1327
AutoGVP,PP2,clingen_28012026,0.03260188087774295,52,1595
AutoGVP,PP3,clingen_28012026,0.5560568086883876,3328,5985
AutoGVP,PP4,clingen_28012026,0.0,0,3759
AutoGVP,PP5,clingen_28012026,0.0,0,2455
AutoGVP,BA1,clingen_28012026,0.1791044776119403,180,1005
AutoGVP,BS1,clingen_28012026,0.0354978354978355,41,1155
AutoGVP,BS2,clingen_28012026,0.0,0,701
AutoGVP,BS3,clingen_28012026,0.0,0,277
AutoGVP,BS4,clingen_28012026,0.0,0,30
AutoGVP,BP1,clingen_28012026,0.017753623188405798,49,2760
AutoGVP,BP2,clingen_28012026,0.0,0,211
AutoGVP,BP3,clingen_28012026,0.0,0,20
AutoGVP,BP4,clingen_28012026,0.34874905231235787,920,2638
AutoGVP,BP5,clingen_28012026,0.0,0,228
AutoGVP,BP6,clingen_28012026,0.0,0,1181
AutoGVP,BP7,clingen_28012026,0.4925606891151135,629,1277
VIP-HL,PVS1,clingen_28012026,0.009281678773204197,23,2478
VIP-HL,PS1,clingen_28012026,0.0,0,138
VIP-HL,PS2,clingen_28012026,0.0,0,341
VIP-HL,PS3,clingen_28012026,0.0,0,1372
VIP-HL,PS4,clingen_28012026,0.0,0,2074
VIP-HL,PM1,clingen_28012026,0.001520912547528517,2,1315
VIP-HL,PM2,clingen_28012026,0.009959657085224408,79,7932
VIP-HL,PM3,clingen_28012026,0.0,0,2206
VIP-HL,PM4,clingen_28012026,0.0,0,204
VIP-HL,PM5,clingen_28012026,0.010726072607260726,13,1212
VIP-HL,PM6,clingen_28012026,0.0,0,236
VIP-HL,PP1,clingen_28012026,0.0,0,1327
VIP-HL,PP2,clingen_28012026,0.0,0,655
VIP-HL,PP3,clingen_28012026,0.02048260381593715,73,3564
VIP-HL,PP4,clingen_28012026,0.0,0,3759
VIP-HL,PP5,clingen_28012026,0.0,0,0
VIP-HL,BA1,clingen_28012026,0.02584493041749503,26,1006
VIP-HL,BS1,clingen_28012026,0.058208955223880594,39,670
VIP-HL,BS2,clingen_28012026,0.0,0,714
VIP-HL,BS3,clingen_28012026,0.0,0,277
VIP-HL,BS4,clingen_28012026,0.0,0,30
VIP-HL,BP1,clingen_28012026,0.0,0,51
VIP-HL,BP2,clingen_28012026,0.0,0,211
VIP-HL,BP3,clingen_28012026,0.0,0,20
VIP-HL,BP4,clingen_28012026,0.008325624421831638,18,2162
VIP-HL,BP5,clingen_28012026,0.0,0,228
VIP-HL,BP6,clingen_28012026,0.0,0,0
VIP-HL,BP7,clingen_28012026,0.004268943436499467,4,937
CancerSIGVAR,PVS1,clingen_28012026,0.10100200400801604,252,2495
CancerSIGVAR,PS1,clingen_28012026,0.027586206896551724,4,145
CancerSIGVAR,PS2,clingen_28012026,0.0,0,341
CancerSIGVAR,PS3,clingen_28012026,0.0,0,1372
CancerSIGVAR,PS4,clingen_28012026,0.0,0,2074
CancerSIGVAR,PM1,clingen_28012026,0.0,0,1308
CancerSIGVAR,PM2,clingen_28012026,0.08119551681195517,652,8030
CancerSIGVAR,PM3,clingen_28012026,0.0,0,2206
CancerSIGVAR,PM4,clingen_28012026,0.013953488372093023,3,215
CancerSIGVAR,PM5,clingen_28012026,0.017628205128205128,22,1248
CancerSIGVAR,PM6,clingen_28012026,0.0,0,236
CancerSIGVAR,PP1,clingen_28012026,0.0,0,1327
CancerSIGVAR,PP2,clingen_28012026,0.0,0,655
CancerSIGVAR,PP3,clingen_28012026,0.0410035068788778,152,3707
CancerSIGVAR,PP4,clingen_28012026,0.0,0,3759
CancerSIGVAR,PP5,clingen_28012026,0.0,0,166
CancerSIGVAR,BA1,clingen_28012026,0.012935323383084577,13,1005
CancerSIGVAR,BS1,clingen_28012026,0.00430416068866571,3,697
CancerSIGVAR,BS2,clingen_28012026,0.0,0,701
CancerSIGVAR,BS3,clingen_28012026,0.0,0,277
CancerSIGVAR,BS4,clingen_28012026,0.0,0,30
CancerSIGVAR,BP1,clingen_28012026,0.0,0,51
CancerSIGVAR,BP2,clingen_28012026,0.0944206008583691,22,233
CancerSIGVAR,BP3,clingen_28012026,0.0,0,20
CancerSIGVAR,BP4,clingen_28012026,0.024988641526578828,55,2201
CancerSIGVAR,BP5,clingen_28012026,0.0,0,228
CancerSIGVAR,BP6,clingen_28012026,0.0,0,96
CancerSIGVAR,BP7,clingen_28012026,0.03481012658227848,33,948
CPSR,PVS1,clingen_28012026,0.2534562211981567,660,2604
CPSR,PS1,clingen_28012026,0.014492753623188406,2,138
CPSR,PS2,clingen_28012026,0.0,0,341
CPSR,PS3,clingen_28012026,0.0,0,1372
CPSR,PS4,clingen_28012026,0.0,0,2074
CPSR,PM1,clingen_28012026,0.060014461315979754,83,1383
CPSR,PM2,clingen_28012026,0.2709700093720712,2313,8536
CPSR,PM3,clingen_28012026,0.0,0,2206
CPSR,PM4,clingen_28012026,0.022123893805309734,5,226
CPSR,PM5,clingen_28012026,0.0317208564631245,40,1261
CPSR,PM6,clingen_28012026,0.13825757575757575,73,528
CPSR,PP1,clingen_28012026,0.0,0,1327
CPSR,PP2,clingen_28012026,0.0988857938718663,71,718
CPSR,PP3,clingen_28012026,0.128513030148186,503,3914
CPSR,PP4,clingen_28012026,0.0,0,3759
CPSR,PP5,clingen_28012026,0.0,0,0
CPSR,BA1,clingen_28012026,0.11507936507936507,116,1008
CPSR,BS1,clingen_28012026,0.14436248682824027,137,949
CPSR,BS2,clingen_28012026,0.0,0,701
CPSR,BS3,clingen_28012026,0.0,0,277
CPSR,BS4,clingen_28012026,0.0,0,30
CPSR,BP1,clingen_28012026,0.11475409836065574,49,427
CPSR,BP2,clingen_28012026,0.0,0,211
CPSR,BP3,clingen_28012026,0.0,0,180
CPSR,BP4,clingen_28012026,0.04557761732851986,101,2216
CPSR,BP5,clingen_28012026,0.0,0,228
CPSR,BP6,clingen_28012026,0.0,0,0
CPSR,BP7,clingen_28012026,0.3655737704918033,446,1220
