Tool,Criterion,Jaccard_Similarity,Intersection,Union
InterVar_2018,PVS1,0.0,0,184
InterVar_2018,PS1,0.0,0,104
InterVar_2018,PS2,0.0,0,83
InterVar_2018,PS3,0.0,0,17
InterVar_2018,PS4,0.0,0,73
InterVar_2018,PM1,0.7222222222222222,52,72
InterVar_2018,PM2,0.3402777777777778,98,288
InterVar_2018,PM3,0.0,0,0
InterVar_2018,PM4,0.047619047619047616,1,21
InterVar_2018,PM5,0.0,0,25
InterVar_2018,PM6,0.0,0,38
InterVar_2018,PP1,0.0,0,61
InterVar_2018,PP2,0.0,0,0
InterVar_2018,PP3,0.4205607476635514,45,107
InterVar_2018,PP4,0.0,0,287
InterVar_2018,PP5,0.0,0,22
InterVar_2018,BA1,0.0,0,0
InterVar_2018,BS1,0.0,0,0
InterVar_2018,BS2,0.0,0,0
InterVar_2018,BS3,0.0,0,0
InterVar_2018,BS4,0.0,0,0
InterVar_2018,BP1,0.0,0,0
InterVar_2018,BP2,0.0,0,0
InterVar_2018,BP3,0.0,0,0
InterVar_2018,BP4,0.5,1,2
InterVar_2018,BP5,0.0,0,0
InterVar_2018,BP6,0.0,0,0
InterVar_2018,BP7,0.0,0,0
InterVar_2025,PVS1,0.25,46,184
InterVar_2025,PS1,0.0,0,104
InterVar_2025,PS2,0.0,0,83
InterVar_2025,PS3,0.0,0,17
InterVar_2025,PS4,0.0,0,73
InterVar_2025,PM1,0.8433734939759037,70,83
InterVar_2025,PM2,0.0,0,288
InterVar_2025,PM3,0.0,0,0
InterVar_2025,PM4,0.047619047619047616,1,21
InterVar_2025,PM5,0.14285714285714285,4,28
InterVar_2025,PM6,0.0,0,38
InterVar_2025,PP1,0.0,0,61
InterVar_2025,PP2,0.0,0,0
InterVar_2025,PP3,0.4918032786885246,60,122
InterVar_2025,PP4,0.0,0,287
InterVar_2025,PP5,0.0,0,53
InterVar_2025,BA1,0.0,0,0
InterVar_2025,BS1,0.0,0,130
InterVar_2025,BS2,0.0,0,0
InterVar_2025,BS3,0.0,0,0
InterVar_2025,BS4,0.0,0,0
InterVar_2025,BP1,0.0,0,0
InterVar_2025,BP2,0.0,0,0
InterVar_2025,BP3,0.0,0,0
InterVar_2025,BP4,0.5,1,2
InterVar_2025,BP5,0.0,0,0
InterVar_2025,BP6,0.0,0,0
InterVar_2025,BP7,0.0,0,0
BIAS,PVS1,0.983957219251337,184,187
BIAS,PS1,0.10687022900763359,14,131
BIAS,PS2,0.0,0,83
BIAS,PS3,0.20930232558139536,9,43
BIAS,PS4,0.0,0,73
BIAS,PM1,0.0,0,70
BIAS,PM2,1.0,288,288
BIAS,PM3,0.0,0,0
BIAS,PM4,0.47619047619047616,10,21
BIAS,PM5,0.16129032258064516,5,31
BIAS,PM6,0.0,0,38
BIAS,PP1,0.0,0,61
BIAS,PP2,0.0,0,0
BIAS,PP3,0.8157894736842105,62,76
BIAS,PP4,0.0,0,287
BIAS,PP5,0.0,0,31
BIAS,BA1,0.0,0,0
BIAS,BS1,0.0,0,0
BIAS,BS2,0.0,0,0
BIAS,BS3,0.0,0,0
BIAS,BS4,0.0,0,0
BIAS,BP1,0.0,0,0
BIAS,BP2,0.0,0,0
BIAS,BP3,0.0,0,5
BIAS,BP4,0.05555555555555555,2,36
BIAS,BP5,0.0,0,0
BIAS,BP6,0.0,0,0
BIAS,BP7,0.0,0,0
CharGer_Local,PVS1,0.0,0,184
CharGer_Local,PS1,0.0,0,102
CharGer_Local,PS2,0.0,0,83
CharGer_Local,PS3,0.0,0,17
CharGer_Local,PS4,0.0,0,73
CharGer_Local,PM1,0.0,0,70
CharGer_Local,PM2,0.0,0,288
CharGer_Local,PM3,0.0,0,0
CharGer_Local,PM4,0.0,0,21
CharGer_Local,PM5,0.0,0,24
CharGer_Local,PM6,0.0,0,38
CharGer_Local,PP1,0.0,0,61
CharGer_Local,PP2,0.0,0,0
CharGer_Local,PP3,0.046875,3,64
CharGer_Local,PP4,0.0,0,287
CharGer_Local,PP5,0.0,0,5
CharGer_Local,BA1,0.0,0,130
CharGer_Local,BS1,0.0,0,0
CharGer_Local,BS2,0.0,0,0
CharGer_Local,BS3,0.0,0,0
CharGer_Local,BS4,0.0,0,0
CharGer_Local,BP1,0.0,0,0
CharGer_Local,BP2,0.0,0,0
CharGer_Local,BP3,0.0,0,0
CharGer_Local,BP4,0.5,1,2
CharGer_Local,BP5,0.0,0,0
CharGer_Local,BP6,0.0,0,0
CharGer_Local,BP7,0.0,0,0
CharGer_Online,PVS1,0.0,0,184
CharGer_Online,PS1,0.08256880733944955,9,109
CharGer_Online,PS2,0.0,0,83
CharGer_Online,PS3,0.0,0,17
CharGer_Online,PS4,0.0,0,73
CharGer_Online,PM1,0.0,0,70
CharGer_Online,PM2,0.0,0,288
CharGer_Online,PM3,0.0,0,0
CharGer_Online,PM4,0.0,0,21
CharGer_Online,PM5,0.0,0,24
CharGer_Online,PM6,0.0,0,38
CharGer_Online,PP1,0.0,0,61
CharGer_Online,PP2,0.0,0,0
CharGer_Online,PP3,0.0,0,62
CharGer_Online,PP4,0.0,0,287
CharGer_Online,PP5,0.0,0,5
CharGer_Online,BA1,0.0,0,130
CharGer_Online,BS1,0.0,0,0
CharGer_Online,BS2,0.0,0,0
CharGer_Online,BS3,0.0,0,0
CharGer_Online,BS4,0.0,0,0
CharGer_Online,BP1,0.0,0,0
CharGer_Online,BP2,0.0,0,0
CharGer_Online,BP3,0.0,0,0
CharGer_Online,BP4,0.0,0,2
CharGer_Online,BP5,0.0,0,0
CharGer_Online,BP6,0.0,0,0
CharGer_Online,BP7,0.0,0,0
DiabloACMG,PVS1,0.28804347826086957,53,184
DiabloACMG,PS1,0.0,0,126
DiabloACMG,PS2,0.0,0,83
DiabloACMG,PS3,0.14285714285714285,3,21
DiabloACMG,PS4,0.0,0,73
DiabloACMG,PM1,0.0,0,70
DiabloACMG,PM2,0.4826388888888889,139,288
DiabloACMG,PM3,0.0,0,0
DiabloACMG,PM4,0.14285714285714285,3,21
DiabloACMG,PM5,0.17857142857142858,5,28
DiabloACMG,PM6,0.0,0,38
DiabloACMG,PP1,0.0,0,61
DiabloACMG,PP2,0.0,0,0
DiabloACMG,PP3,0.5166666666666667,62,120
DiabloACMG,PP4,0.0,0,287
DiabloACMG,PP5,0.0,0,56
DiabloACMG,BA1,0.0,0,0
DiabloACMG,BS1,0.0,0,0
DiabloACMG,BS2,0.0,0,0
DiabloACMG,BS3,0.0,0,0
DiabloACMG,BS4,0.0,0,0
DiabloACMG,BP1,0.0,0,0
DiabloACMG,BP2,0.0,0,0
DiabloACMG,BP3,0.0,0,1
DiabloACMG,BP4,0.3333333333333333,1,3
DiabloACMG,BP5,0.0,0,0
DiabloACMG,BP6,0.0,0,0
DiabloACMG,BP7,0.0,0,0
Exomiser,PVS1,0.0,0,184
Exomiser,PS1,0.0,0,102
Exomiser,PS2,0.0,0,83
Exomiser,PS3,0.0,0,17
Exomiser,PS4,0.0,0,73
Exomiser,PM1,0.0,0,70
Exomiser,PM2,0.003472222222222222,1,288
Exomiser,PM3,0.0,0,0
Exomiser,PM4,0.0,0,21
Exomiser,PM5,0.0,0,24
Exomiser,PM6,0.0,0,38
Exomiser,PP1,0.0,0,61
Exomiser,PP2,0.0,0,0
Exomiser,PP3,0.0,0,62
Exomiser,PP4,0.003484320557491289,1,287
Exomiser,PP5,0.0,0,5
Exomiser,BA1,0.0,0,0
Exomiser,BS1,0.0,0,0
Exomiser,BS2,0.0,0,0
Exomiser,BS3,0.0,0,0
Exomiser,BS4,0.0,0,0
Exomiser,BP1,0.0,0,0
Exomiser,BP2,0.0,0,0
Exomiser,BP3,0.0,0,0
Exomiser,BP4,0.0,0,2
Exomiser,BP5,0.0,0,0
Exomiser,BP6,0.0,0,0
Exomiser,BP7,0.0,0,0
Genebe,PVS1,1.0,184,184
Genebe,PS1,0.0,0,104
Genebe,PS2,0.0,0,83
Genebe,PS3,0.12,3,25
Genebe,PS4,0.0,0,73
Genebe,PM1,0.8433734939759037,70,83
Genebe,PM2,0.8194444444444444,236,288
Genebe,PM3,0.0,0,0
Genebe,PM4,0.7619047619047619,16,21
Genebe,PM5,0.32432432432432434,12,37
Genebe,PM6,0.0,0,38
Genebe,PP1,0.0,0,61
Genebe,PP2,0.0,0,90
Genebe,PP3,0.7654320987654321,62,81
Genebe,PP4,0.0,0,287
Genebe,PP5,0.04132231404958678,5,121
Genebe,BA1,0.0,0,0
Genebe,BS1,0.0,0,0
Genebe,BS2,0.0,0,0
Genebe,BS3,0.0,0,0
Genebe,BS4,0.0,0,0
Genebe,BP1,0.0,0,0
Genebe,BP2,0.0,0,0
Genebe,BP3,0.0,0,5
Genebe,BP4,1.0,2,2
Genebe,BP5,0.0,0,0
Genebe,BP6,0.0,0,0
Genebe,BP7,0.0,0,2
TAPES,PVS1,0.0,0,184
TAPES,PS1,0.0,0,102
TAPES,PS2,0.0,0,83
TAPES,PS3,0.0,0,17
TAPES,PS4,0.0,0,73
TAPES,PM1,0.958904109589041,70,73
TAPES,PM2,1.0,288,288
TAPES,PM3,0.0,0,0
TAPES,PM4,0.5714285714285714,12,21
TAPES,PM5,0.0,0,24
TAPES,PM6,0.0,0,38
TAPES,PP1,0.0,0,61
TAPES,PP2,0.0,0,0
TAPES,PP3,0.5166666666666667,62,120
TAPES,PP4,0.0,0,287
TAPES,PP5,0.07936507936507936,5,63
TAPES,BA1,0.0,0,0
TAPES,BS1,0.0,0,0
TAPES,BS2,0.0,0,0
TAPES,BS3,0.0,0,0
TAPES,BS4,0.0,0,0
TAPES,BP1,0.0,0,0
TAPES,BP2,0.0,0,0
TAPES,BP3,0.0,0,8
TAPES,BP4,0.5,1,2
TAPES,BP5,0.0,0,0
TAPES,BP6,0.0,0,0
TAPES,BP7,0.0,0,0
Franklin,PVS1,1.0,184,184
Franklin,PS1,0.0,0,108
Franklin,PS2,0.08080808080808081,8,99
Franklin,PS3,0.05,1,20
Franklin,PS4,0.18181818181818182,24,132
Franklin,PM1,0.7666666666666667,69,90
Franklin,PM2,1.0,288,288
Franklin,PM3,0.0,0,0
Franklin,PM4,0.7619047619047619,16,21
Franklin,PM5,0.40476190476190477,17,42
Franklin,PM6,0.0,0,38
Franklin,PP1,0.08064516129032258,5,62
Franklin,PP2,0.0,0,83
Franklin,PP3,0.8157894736842105,62,76
Franklin,PP4,0.0,0,287
Franklin,PP5,0.03816793893129771,5,131
Franklin,BA1,0.0,0,0
Franklin,BS1,0.0,0,0
Franklin,BS2,0.0,0,0
Franklin,BS3,0.0,0,0
Franklin,BS4,0.0,0,0
Franklin,BP1,0.0,0,0
Franklin,BP2,0.0,0,0
Franklin,BP3,0.0,0,5
Franklin,BP4,0.0,0,2
Franklin,BP5,0.0,0,0
Franklin,BP6,0.0,0,0
Franklin,BP7,0.0,0,0
AutoGVP,PVS1,0.25,46,184
AutoGVP,PS1,0.0,0,104
AutoGVP,PS2,0.0,0,83
AutoGVP,PS3,0.0,0,17
AutoGVP,PS4,0.0,0,73
AutoGVP,PM1,0.8433734939759037,70,83
AutoGVP,PM2,0.4513888888888889,130,288
AutoGVP,PM3,0.0,0,0
AutoGVP,PM4,0.047619047619047616,1,21
AutoGVP,PM5,0.14285714285714285,4,28
AutoGVP,PM6,0.0,0,38
AutoGVP,PP1,0.0,0,61
AutoGVP,PP2,0.0,0,0
AutoGVP,PP3,0.4918032786885246,60,122
AutoGVP,PP4,0.0,0,287
AutoGVP,PP5,0.0,0,43
AutoGVP,BA1,0.0,0,0
AutoGVP,BS1,0.0,0,0
AutoGVP,BS2,0.0,0,0
AutoGVP,BS3,0.0,0,0
AutoGVP,BS4,0.0,0,0
AutoGVP,BP1,0.0,0,0
AutoGVP,BP2,0.0,0,0
AutoGVP,BP3,0.0,0,0
AutoGVP,BP4,0.5,1,2
AutoGVP,BP5,0.0,0,0
AutoGVP,BP6,0.0,0,0
AutoGVP,BP7,0.0,0,0
VIP-HL,PVS1,0.0,0,184
VIP-HL,PS1,0.0,0,104
VIP-HL,PS2,0.0,0,83
VIP-HL,PS3,0.0,0,17
VIP-HL,PS4,0.0,0,73
VIP-HL,PM1,0.0,0,70
VIP-HL,PM2,0.9722222222222222,280,288
VIP-HL,PM3,0.0,0,0
VIP-HL,PM4,0.5238095238095238,11,21
VIP-HL,PM5,0.28125,9,32
VIP-HL,PM6,0.0,0,38
VIP-HL,PP1,0.0,0,61
VIP-HL,PP2,0.0,0,0
VIP-HL,PP3,0.8082191780821918,59,73
VIP-HL,PP4,0.0,0,287
VIP-HL,PP5,0.0,0,5
VIP-HL,BA1,0.0,0,0
VIP-HL,BS1,0.0,0,0
VIP-HL,BS2,0.0,0,0
VIP-HL,BS3,0.0,0,0
VIP-HL,BS4,0.0,0,0
VIP-HL,BP1,0.0,0,0
VIP-HL,BP2,0.0,0,0
VIP-HL,BP3,0.0,0,8
VIP-HL,BP4,0.0,0,2
VIP-HL,BP5,0.0,0,0
VIP-HL,BP6,0.0,0,0
VIP-HL,BP7,0.0,0,0
