tool,n_valid_classifications,n_classification_matches,classification_concordance,n_raw_evaluable,raw_mean_jaccard,raw_median_jaccard,raw_exact_match_rate,n_adjusted_evaluable,n_no_operationally_evaluable,adjusted_mean_jaccard,adjusted_median_jaccard,adjusted_exact_match_rate,delta_mean_jaccard,delta_median_jaccard,delta_exact_match,n_operational_criteria
AutoGVP,130,35,0.2692307692307692,35,0.4326077097505669,0.5,0.0,35,0,0.638095238095238,0.75,0.14285714285714285,0.20548752834467116,0.25,0.14285714285714285,16
Franklin,288,100,0.3472222222222222,100,0.4628492063492064,0.5,0.0,100,0,0.5073452380952381,0.5,0.0,0.04449603174603173,0.0,0.0,19
InterVar_2018,98,8,0.08163265306122448,8,0.4604166666666667,0.5,0.0,8,0,0.64375,0.6,0.125,0.18333333333333335,0.09999999999999998,0.125,18
TAPES,288,10,0.034722222222222224,10,0.4516666666666666,0.5,0.0,10,0,0.6316666666666666,0.6,0.1,0.18,0.09999999999999998,0.1,20
VIP-HL,280,6,0.02142857142857143,6,0.4194444444444445,0.4166666666666666,0.0,6,0,0.7916666666666666,0.875,0.5,0.3722222222222221,0.4583333333333334,0.5,13
BIAS,288,59,0.2048611111111111,59,0.4042238364272262,0.3333333333333333,0.0,59,0,0.5681598062953995,0.5,0.1864406779661017,0.16393596986817333,0.16666666666666669,0.1864406779661017,19
Genebe,288,119,0.4131944444444444,119,0.3657029478458049,0.3333333333333333,0.0,119,0,0.5866946778711486,0.6,0.08403361344537816,0.22099173002534367,0.26666666666666666,0.08403361344537816,17
DiabloACMG,140,39,0.2785714285714286,39,0.321978021978022,0.2857142857142857,0.0,39,0,0.4914529914529914,0.4,0.10256410256410256,0.16947496947496937,0.11428571428571432,0.10256410256410256,19
InterVar_2025,130,12,0.09230769230769231,12,0.093287037037037,0.1111111111111111,0.0,12,0,0.1200396825396825,0.1428571428571428,0.0,0.0267526455026455,0.03174603174603169,0.0,18
