tool,n_evaluable,recomputed_mean_jaccard,existing_mean_jaccard,mean_match,raw_reference_assignments,raw_tool_assignments,raw_shared_assignments,raw_FN,raw_FP,raw_total_criterion_jaccard,n_adjusted_evaluable,existing_n_adjusted_evaluable,n_adjusted_match,adjusted_reference_assignments,adjusted_tool_assignments,adjusted_shared_assignments,adjusted_FN,adjusted_FP,adjusted_total_criterion_jaccard,delta_total_criterion_jaccard
InterVar_2018,3188,0.426883,0.426883,True,8513,9639,5073,3440,4566,0.387874,3188,3188,True,6756,9639,5073,1683,4566,0.448066,0.060192
InterVar_2025,3560,0.224286,0.224286,True,9496,11930,3712,5784,8218,0.209552,3560,3560,True,7473,11930,3712,3761,8218,0.236569,0.027017
BIAS,5726,0.392625,0.392625,True,17163,20096,9515,7648,10581,0.342957,5726,5726,True,13190,20096,9515,3675,10581,0.400278,0.057321
CharGer_Local,3235,0.432926,0.432926,True,7221,4641,3205,4016,1436,0.370221,3235,3235,True,5436,4641,3205,2231,1436,0.466385,0.096165
CharGer_Online,3715,0.338532,0.338532,True,10193,4515,2923,7270,1592,0.248027,3715,3715,True,6687,4515,2923,3764,1592,0.353062,0.105035
DiabloACMG,6687,0.315267,0.315267,True,21782,26513,10888,10894,15625,0.291069,6687,6687,True,15128,26513,10888,4240,15625,0.354047,0.062978
Exomiser,46,0.309343,0.309343,True,173,120,62,111,58,0.268398,46,46,True,100,120,62,38,58,0.392405,0.124007
Genebe,9704,0.910221,0.910221,True,30735,29716,28160,2575,1556,0.872070,9606,9606,True,20058,20875,19406,652,1469,0.901473,0.029403
TAPES,4324,0.407574,0.407574,True,11344,11468,6126,5218,5342,0.367134,4324,4324,True,9203,11468,6126,3077,5342,0.421176,0.054042
Franklin,3725,0.546300,0.546300,True,15168,21499,12993,2175,8506,0.548830,3725,3725,True,11556,18300,10021,1535,8279,0.505218,-0.043612
AutoGVP,9160,0.319591,0.319591,True,28843,30382,13432,15411,16950,0.293320,9159,9159,True,20618,26827,13432,7186,13395,0.394908,0.101588
VIP-HL,88,0.619508,0.619508,True,178,164,122,56,42,0.554545,88,88,True,131,164,122,9,42,0.705202,0.150657
CancerSIGVAR,312,0.440289,0.440289,True,927,727,464,463,263,0.389916,312,312,True,658,727,464,194,263,0.503800,0.113884
CPSR,2135,0.438169,0.438169,True,5708,4373,2882,2826,1491,0.400333,2135,2135,True,4528,4168,2853,1675,1315,0.488277,0.087943
