tool,n_raw_evaluable,raw_mean_jaccard,raw_reference_assignments,raw_tool_assignments,raw_shared_assignments,raw_FN,raw_FP,raw_total_criterion_jaccard,n_adjusted_evaluable,adjusted_mean_jaccard,adjusted_reference_assignments,adjusted_tool_assignments,adjusted_shared_assignments,adjusted_FN,adjusted_FP,adjusted_total_criterion_jaccard,delta_total_criterion_jaccard
AutoGVP,35,0.4326077097505669,165,129,86,79,43,0.41346153846153844,35,0.638095238095238,114,109,86,28,23,0.6277372262773723,0.21427568781583384
BIAS,59,0.4042238364272262,262,186,123,139,63,0.37846153846153846,59,0.5681598062953995,177,186,123,54,63,0.5125,0.1340384615384615
DiabloACMG,39,0.321978021978022,188,132,75,113,57,0.30612244897959184,39,0.4914529914529914,113,132,75,38,57,0.4411764705882353,0.13505402160864344
Franklin,100,0.4628492063492064,458,357,253,205,104,0.4501779359430605,100,0.5073452380952381,399,341,244,155,97,0.49193548387096775,0.04175754792790726
Genebe,119,0.3657029478458049,569,379,249,320,130,0.3562231759656652,119,0.5866946778711486,311,368,246,65,122,0.5681293302540416,0.21190615428837634
InterVar_2018,8,0.4604166666666667,33,26,19,14,7,0.475,8,0.64375,23,26,19,4,7,0.6333333333333333,0.15833333333333333
InterVar_2025,12,0.093287037037037,56,44,9,47,35,0.0989010989010989,12,0.1200396825396825,35,44,9,26,35,0.12857142857142856,0.029670329670329662
TAPES,10,0.4516666666666666,38,31,22,16,9,0.46808510638297873,10,0.6316666666666666,26,31,22,4,9,0.6285714285714286,0.16048632218844983
VIP-HL,6,0.4194444444444445,19,8,8,11,0,0.42105263157894735,6,0.7916666666666666,11,8,8,3,0,0.7272727272727273,0.30622009569377995
