tool,n_evaluable,n_adjusted_evaluable,n_no_operationally_evaluable_criteria,raw_exact_match_rate,adjusted_exact_match_rate,raw_mean_jaccard,raw_median_jaccard,adjusted_mean_jaccard,adjusted_median_jaccard,median_supported_reference_recall,mean_supported_reference_recall,median_unsupported_reference_fraction,mean_unsupported_reference_fraction,delta_median_jaccard,delta_mean_jaccard,delta_exact_match_rate
InterVar_2018,8,8,0,0.0,0.125,0.4604166666666667,0.5,0.64375,0.6,0.875,0.875,0.225,0.33958333333333335,0.09999999999999998,0.18333333333333335,0.125
InterVar_2025,12,12,0,0.0,0.0,0.09328703703703704,0.1111111111111111,0.12003968253968254,0.14285714285714285,0.25,0.2222222222222222,0.3666666666666667,0.39404761904761904,0.031746031746031744,0.0267526455026455,0.0
BIAS,59,59,0,0.0,0.1864406779661017,0.40422383642722626,0.3333333333333333,0.5681598062953995,0.5,0.6666666666666666,0.7370056497175141,0.25,0.33139628732849075,0.16666666666666669,0.16393596986817327,0.1864406779661017
DiabloACMG,39,39,0,0.0,0.10256410256410256,0.321978021978022,0.2857142857142857,0.4914529914529914,0.4,0.6666666666666666,0.7115384615384616,0.4,0.39816849816849814,0.11428571428571432,0.16947496947496937,0.10256410256410256
Genebe,119,119,0,0.0,0.08403361344537816,0.3657029478458049,0.3333333333333333,0.5866946778711486,0.6,1.0,0.8053221288515405,0.5,0.44431772709083645,0.26666666666666666,0.22099173002534367,0.08403361344537816
TAPES,10,10,0,0.0,0.1,0.45166666666666666,0.5,0.6316666666666666,0.6,1.0,0.9,0.29166666666666663,0.355,0.09999999999999998,0.17999999999999994,0.1
Franklin,100,100,0,0.0,0.0,0.46284920634920645,0.5,0.5073452380952381,0.5,0.6666666666666666,0.612,0.0,0.11695238095238095,0.0,0.04449603174603167,0.0
AutoGVP,35,35,0,0.0,0.14285714285714285,0.4326077097505669,0.5,0.638095238095238,0.75,0.75,0.7761904761904761,0.25,0.31605442176870746,0.25,0.20548752834467116,0.14285714285714285
VIP-HL,6,6,0,0.0,0.5,0.4194444444444445,0.41666666666666663,0.7916666666666666,0.875,0.875,0.7916666666666666,0.5,0.44999999999999996,0.45833333333333337,0.3722222222222221,0.5
