tool,n_total_predictions,n_classification_matches,classification_concordance,n_raw_evaluable,raw_mean_jaccard,raw_median_jaccard,raw_exact_match_rate,n_adjusted_evaluable,n_no_operationally_evaluable,adjusted_mean_jaccard,adjusted_median_jaccard,adjusted_exact_match_rate,delta_mean_jaccard,delta_median_jaccard,delta_exact_match,n_operational_criteria
Genebe,11407,9949,0.8721837468221267,9704,0.9102208711184392,1.0,0.8408903544929925,9606,98,0.940403815075895,1.0,0.8910056214865709,0.0301829439574558,0.0,0.0501152669935783,17
Franklin,9100,3741,0.4110989010989011,3725,0.5462999871120676,0.5714285714285714,0.0177181208053691,3725,0,0.5091690635985938,0.5,0.0222818791946308,-0.0371309235134738,-0.0714285714285714,0.0045637583892617,19
CPSR,3614,2213,0.6123408965135584,2135,0.4381692130404074,0.5,0.0683840749414519,2135,0,0.5156128024980484,0.5,0.1353629976580796,0.07744358945764102,0.0,0.0669789227166276,15
VIP-HL,198,92,0.46464646464646464,88,0.6195075757575758,0.5,0.3522727272727273,88,0,0.7263257575757576,1.0,0.5227272727272727,0.10681818181818181,0.5,0.1704545454545454,13
CancerSIGVAR,931,317,0.34049409237379163,312,0.4402892246642247,0.4,0.0993589743589743,312,0,0.5625534188034188,0.5,0.2211538461538461,0.1222641941391941,0.0999999999999999,0.1217948717948717,17
InterVar_2018,7254,3347,0.4614006065618969,3188,0.4268826800900201,0.375,0.1066499372647427,3188,0,0.477301786461134,0.5,0.1276662484316185,0.05041910637111391,0.125,0.0210163111668757,18
BIAS,11407,5927,0.5195932322258262,5726,0.3926253642154794,0.3333333333333333,0.0771917568983583,5726,0,0.4447479195427152,0.4285714285714285,0.0904645476772616,0.05212255532723581,0.0952380952380952,0.0132727907789032,19
CharGer_Local,9803,3497,0.3567275323880445,3235,0.4329255906381098,0.3333333333333333,0.1530139103554868,3235,0,0.5203297269448737,0.5,0.2485316846986089,0.08740413630676386,0.1666666666666666,0.095517774343122,10
CharGer_Online,9803,3960,0.4039579720493726,3715,0.3385324500533114,0.3333333333333333,0.1103633916554508,3715,0,0.4296366083445491,0.5,0.185464333781965,0.09110415829123769,0.1666666666666666,0.0751009421265141,10
TAPES,11407,4596,0.40291049355658803,4324,0.4075740055504163,0.3333333333333333,0.0837187789084181,4324,0,0.4569396722611338,0.5,0.1047641073080481,0.049365666710717515,0.1666666666666666,0.0210453283996299,20
AutoGVP,9803,9492,0.968275017851678,9160,0.3195906271070027,0.3,0.0352620087336244,9159,1,0.4283554037402711,0.4,0.090184517960476,0.10876477663326839,0.1,0.0549225092268515,16
DiabloACMG,9803,6906,0.7044782209527696,6687,0.3152665526487868,0.3,0.0237774786899955,6687,0,0.3784293025320392,0.4,0.0387318678032002,0.06316274988325243,0.1,0.0149543891132047,19
Exomiser,113,46,0.40707964601769914,46,0.3093426501035196,0.2678571428571428,0.0434782608695652,46,0,0.427536231884058,0.4,0.0869565217391304,0.1181935817805384,0.1321428571428571,0.0434782608695652,17
InterVar_2025,9509,3704,0.3895257124829109,3560,0.2242857142857142,0.2,0.0039325842696629,3560,0,0.2451986356340288,0.2,0.0053370786516853,0.0209129213483146,0.0,0.0014044943820224,18
