tool,PVS1,PS1,PS2,PS3,PS4,PM1,PM2,PM3,PM4,PM5,PM6,PP1,PP2,PP3,PP4,PP5,BA1,BS1,BS2,BS3,BS4,BP1,BP2,BP3,BP4,BP5,BP6,BP7,n_operational_criteria
AutoGVP,supported,supported,unsupported,unsupported,supported,supported,supported,unsupported,supported,supported,unsupported,unsupported,supported,supported,unsupported,unsupported,supported,supported,supported,unsupported,unsupported,supported,unsupported,supported,supported,unsupported,unsupported,supported,16
BIAS,supported,supported,unsupported,supported,supported,supported,supported,unsupported,supported,supported,unsupported,unsupported,supported,supported,unsupported,supported,supported,supported,supported,unsupported,unsupported,supported,unsupported,supported,supported,unsupported,supported,supported,19
CPSR,supported,supported,unsupported,unsupported,unsupported,supported,supported,unsupported,supported,supported,unsupported,unsupported,supported,supported,unsupported,unsupported,supported,supported,supported,unsupported,unsupported,supported,unsupported,supported,supported,unsupported,unsupported,supported,15
CancerSIGVAR,supported,supported,unsupported,unsupported,unsupported,supported,supported,unsupported,supported,supported,unsupported,unsupported,unsupported,supported,unsupported,supported,supported,supported,supported,unsupported,unsupported,supported,supported,supported,supported,unsupported,supported,supported,17
CharGer_Local,supported,supported,unsupported,unsupported,unsupported,supported,supported,unsupported,supported,supported,unsupported,unsupported,supported,supported,unsupported,unsupported,supported,unsupported,unsupported,unsupported,unsupported,unsupported,unsupported,unsupported,supported,unsupported,unsupported,unsupported,10
CharGer_Online,supported,supported,unsupported,unsupported,unsupported,supported,supported,unsupported,supported,supported,unsupported,unsupported,supported,supported,unsupported,unsupported,supported,unsupported,unsupported,unsupported,unsupported,unsupported,unsupported,unsupported,supported,unsupported,unsupported,unsupported,10
DiabloACMG,supported,supported,unsupported,supported,unsupported,supported,supported,unsupported,supported,supported,unsupported,unsupported,supported,supported,unsupported,supported,supported,supported,supported,supported,unsupported,supported,unsupported,supported,supported,unsupported,supported,supported,19
Exomiser,supported,supported,unsupported,unsupported,unsupported,supported,supported,unsupported,supported,supported,unsupported,unsupported,supported,supported,supported,supported,supported,supported,supported,unsupported,unsupported,supported,unsupported,unsupported,supported,unsupported,supported,supported,17
Franklin,supported,supported,unsupported,unsupported,supported,supported,supported,unsupported,supported,supported,unsupported,unsupported,supported,supported,supported,supported,supported,supported,supported,unsupported,unsupported,supported,unsupported,supported,supported,unsupported,supported,supported,19
Genebe,supported,supported,unsupported,unsupported,unsupported,supported,supported,unsupported,supported,supported,unsupported,unsupported,supported,supported,unsupported,supported,supported,supported,supported,unsupported,unsupported,supported,unsupported,supported,supported,unsupported,supported,supported,17
InterVar_2018,supported,supported,unsupported,unsupported,supported,supported,supported,unsupported,supported,supported,unsupported,unsupported,supported,supported,unsupported,supported,supported,supported,supported,unsupported,unsupported,supported,unsupported,supported,supported,unsupported,supported,supported,18
InterVar_2025,supported,supported,unsupported,unsupported,supported,supported,supported,unsupported,supported,supported,unsupported,unsupported,supported,supported,unsupported,supported,supported,supported,supported,unsupported,unsupported,supported,unsupported,supported,supported,unsupported,supported,supported,18
TAPES,supported,supported,unsupported,supported,supported,supported,supported,unsupported,supported,supported,unsupported,unsupported,supported,supported,unsupported,supported,supported,supported,supported,supported,unsupported,supported,unsupported,supported,supported,unsupported,supported,supported,20
VIP-HL,supported,supported,unsupported,unsupported,unsupported,supported,supported,unsupported,supported,supported,unsupported,unsupported,unsupported,supported,unsupported,unsupported,supported,supported,supported,unsupported,unsupported,unsupported,unsupported,supported,supported,unsupported,unsupported,supported,13
