Criterion,InterVar_2018,InterVar_2025,BIAS,CharGer_Local,CharGer_Online,DiabloACMG,Exomiser,Genebe,TAPES,Franklin,AutoGVP,VIP-HL,Ground_truth
BA1,0,0,0,130,130,0,0,0,0,0,0,0,0
BS1,0,130,0,0,0,0,0,0,0,0,0,0,0
BS2,0,0,0,0,0,0,0,0,0,0,0,0,0
PM2,98,0,288,0,0,139,1,236,288,288,130,280,288
PS4,0,0,0,0,0,0,0,0,0,83,0,0,73
BP1,0,0,0,0,0,0,0,0,0,0,0,0,0
BP3,0,0,5,0,0,1,0,5,8,5,0,8,0
BP4,1,1,36,1,0,2,0,2,1,0,1,0,2
BP7,0,0,0,0,0,0,0,2,0,0,0,0,0
PP3,90,120,76,5,0,120,0,81,120,76,120,70,62
PM4,1,1,10,0,0,3,0,16,12,16,1,11,21
PM5,1,8,12,0,0,9,0,25,0,35,8,17,24
PS1,2,2,43,0,16,24,0,2,0,6,2,2,102
PVS1,0,46,187,0,0,53,0,184,0,184,46,0,184
BS3,0,0,0,0,0,0,0,0,0,0,0,0,0
PP2,0,0,0,0,0,0,0,90,0,83,0,0,0
PM1,54,83,0,0,0,0,0,83,73,89,83,0,70
PS3,0,0,35,0,0,7,0,11,0,4,0,0,17
