Criterion,InterVar_2018,InterVar_2025,BIAS,CharGer_Local,CharGer_Online,DiabloACMG,Exomiser,Genebe,TAPES,Franklin,AutoGVP,VIP-HL,CancerSIGVAR,CPSR,Ground_truth
BA1,104,138,575,167,0,166,0,866,172,212,180,27,13,119,1005
BS1,430,8706,780,0,0,166,0,611,736,276,528,41,32,433,668
BS2,0,0,1382,0,0,343,0,806,7,769,0,13,0,0,701
PM2,6304,680,8412,8980,9803,9244,76,7827,9923,8482,8565,128,800,3061,7885
PS4,0,1,1688,0,0,0,0,1598,1,1682,1,0,0,0,2074
BP1,973,2847,385,0,0,2839,0,48,0,0,2847,0,0,430,51
BP3,0,0,6,0,0,0,0,5,39,5,0,0,0,190,20
BP4,1226,1427,5115,1529,185,2079,3,2270,1005,681,1428,27,103,164,2153
BP7,807,978,1322,0,0,956,0,871,0,58,978,5,45,732,936
PP3,4560,5870,4333,1640,65,5817,43,3692,5811,4319,5882,78,300,877,3559
PM4,16,19,103,0,0,19,4,133,85,99,19,0,14,27,203
PM5,94,316,997,0,0,473,19,1210,4,2539,316,22,67,98,1203
PS1,9,22,265,0,1074,1409,1,117,4,248,22,0,11,2,138
PVS1,530,1177,2557,0,0,1181,28,2622,1528,2025,1176,26,272,793,2474
BS3,0,0,0,0,0,2214,0,247,212,242,0,0,0,0,277
PP2,450,1013,1164,0,0,1013,0,998,0,3932,1013,0,0,136,655
PM1,4343,5456,2052,0,0,2243,19,1743,4994,3393,5458,9,0,158,1308
PS3,0,0,2447,0,0,2061,0,1376,102,1152,0,0,0,0,1372
