Criterion,InterVar_2018,InterVar_2025,BIAS,CharGer_Local,CharGer_Online,DiabloACMG,Exomiser,Genebe,TAPES,Franklin,AutoGVP,VIP-HL
BA1,0.0,0.0,0.0,0.0,0.0,0.0,0.0,0.0,0.0,0.0,0.0,0.0
BS1,0.0,0.0,0.0,0.0,0.0,0.0,0.0,0.0,0.0,0.0,0.0,0.0
BS2,0.0,0.0,0.0,0.0,0.0,0.0,0.0,0.0,0.0,0.0,0.0,0.0
PM2,0.3402777777777778,0.0,1.0,0.0,0.0,0.4826388888888889,0.0034722222222222,0.8194444444444444,1.0,1.0,0.4513888888888889,0.9722222222222222
PS4,0.0,0.0,0.0,0.0,0.0,0.0,0.0,0.0,0.0,0.1818181818181818,0.0,0.0
BP1,0.0,0.0,0.0,0.0,0.0,0.0,0.0,0.0,0.0,0.0,0.0,0.0
BP3,0.0,0.0,0.0,0.0,0.0,0.0,0.0,0.0,0.0,0.0,0.0,0.0
BP4,0.5,0.5,0.0555555555555555,0.5,0.0,0.3333333333333333,0.0,1.0,0.5,0.0,0.5,0.0
BP7,0.0,0.0,0.0,0.0,0.0,0.0,0.0,0.0,0.0,0.0,0.0,0.0
PP3,0.4205607476635514,0.4918032786885246,0.8157894736842105,0.046875,0.0,0.5166666666666667,0.0,0.7654320987654321,0.5166666666666667,0.8157894736842105,0.4918032786885246,0.8082191780821918
PM4,0.0476190476190476,0.0476190476190476,0.4761904761904761,0.0,0.0,0.1428571428571428,0.0,0.7619047619047619,0.5714285714285714,0.7619047619047619,0.0476190476190476,0.5238095238095238
PM5,0.0,0.1428571428571428,0.1612903225806451,0.0,0.0,0.1785714285714285,0.0,0.3243243243243243,0.0,0.4047619047619047,0.1428571428571428,0.28125
PS1,0.0,0.0,0.1068702290076335,0.0,0.0825688073394495,0.0,0.0,0.0,0.0,0.0,0.0,0.0
PVS1,0.0,0.25,0.983957219251337,0.0,0.0,0.2880434782608695,0.0,1.0,0.0,1.0,0.25,0.0
BS3,0.0,0.0,0.0,0.0,0.0,0.0,0.0,0.0,0.0,0.0,0.0,0.0
PP2,0.0,0.0,0.0,0.0,0.0,0.0,0.0,0.0,0.0,0.0,0.0,0.0
PM1,0.7222222222222222,0.8433734939759037,0.0,0.0,0.0,0.0,0.0,0.8433734939759037,0.958904109589041,0.7666666666666667,0.8433734939759037,0.0
PS3,0.0,0.0,0.2093023255813953,0.0,0.0,0.1428571428571428,0.0,0.12,0.0,0.05,0.0,0.0
