source,tool,dataset,cohort_rows,overlapping_keys,classification_mismatches,criteria_mismatches,canonical_full_match
Results/Intervar_20180118/HGMD_Clinvar_Cancer_hg38_fixed.hg38_multianno.txt,InterVar_2018,clingen_28012026,11409,212,11195,7063,False
Results/Intervar_20180118/HGMD_Clinvar_Cancer_hg38_fixed.hg38_multianno.txt,InterVar_2018,HGMD_Clinvar_HL,1948,0,1944,1368,False
Results/Intervar_20180118/HGMD_Clinvar_Cancer_hg38_fixed.hg38_multianno.txt,InterVar_2018,HGMD_Clinvar_Cancer,1788,1788,0,0,True
Results/Intervar_20180118/HGMD_Clinvar_Cancer_hg38_notvus_fixed.hg38_multianno.txt,InterVar_2018,clingen_28012026,11409,38,11369,7185,False
Results/Intervar_20180118/HGMD_Clinvar_Cancer_hg38_notvus_fixed.hg38_multianno.txt,InterVar_2018,HGMD_Clinvar_HL,1948,0,1944,1368,False
Results/Intervar_20180118/HGMD_Clinvar_Cancer_hg38_notvus_fixed.hg38_multianno.txt,InterVar_2018,HGMD_Clinvar_Cancer,1788,1462,326,120,False
Results/Intervar_20180118/HGMD_Clinvar_HL_hg38_fixed.hg38_multianno.txt,InterVar_2018,clingen_28012026,11409,43,11364,7181,False
Results/Intervar_20180118/HGMD_Clinvar_HL_hg38_fixed.hg38_multianno.txt,InterVar_2018,HGMD_Clinvar_HL,1948,1944,0,0,True
Results/Intervar_20180118/HGMD_Clinvar_HL_hg38_fixed.hg38_multianno.txt,InterVar_2018,HGMD_Clinvar_Cancer,1788,0,1788,1347,False
Results/Intervar_20180118/HGMD_Clinvar_HL_hg38_notvus_fixed.hg38_multianno.txt,InterVar_2018,clingen_28012026,11409,42,11365,7182,False
Results/Intervar_20180118/HGMD_Clinvar_HL_hg38_notvus_fixed.hg38_multianno.txt,InterVar_2018,HGMD_Clinvar_HL,1948,1454,490,390,False
Results/Intervar_20180118/HGMD_Clinvar_HL_hg38_notvus_fixed.hg38_multianno.txt,InterVar_2018,HGMD_Clinvar_Cancer,1788,0,1788,1347,False
Results/Intervar_20180118/clingen_28012026_hg38.hg38_multianno.txt,InterVar_2018,clingen_28012026,11409,11407,0,0,True
Results/Intervar_20180118/clingen_28012026_hg38.hg38_multianno.txt,InterVar_2018,HGMD_Clinvar_HL,1948,0,1944,1368,False
Results/Intervar_20180118/clingen_28012026_hg38.hg38_multianno.txt,InterVar_2018,HGMD_Clinvar_Cancer,1788,0,1788,1347,False
Results/Intervar_20180118/clingen_28012026_hg38_notvus.hg38_multianno.txt,InterVar_2018,clingen_28012026,11409,6532,4875,2572,False
Results/Intervar_20180118/clingen_28012026_hg38_notvus.hg38_multianno.txt,InterVar_2018,HGMD_Clinvar_HL,1948,0,1944,1368,False
Results/Intervar_20180118/clingen_28012026_hg38_notvus.hg38_multianno.txt,InterVar_2018,HGMD_Clinvar_Cancer,1788,0,1788,1347,False
Results/Intervar_20180118/clingen_cancerpredisposition_hg38_28012026.hg38_multianno.txt,InterVar_2018,clingen_28012026,11409,2915,8492,5592,False
Results/Intervar_20180118/clingen_cancerpredisposition_hg38_28012026.hg38_multianno.txt,InterVar_2018,HGMD_Clinvar_HL,1948,0,1944,1368,False
Results/Intervar_20180118/clingen_cancerpredisposition_hg38_28012026.hg38_multianno.txt,InterVar_2018,HGMD_Clinvar_Cancer,1788,0,1788,1347,False
Results/Intervar_20180118/clingen_cancerpredisposition_hg38_28012026_notvus.hg38_multianno.txt,InterVar_2018,clingen_28012026,11409,1656,9751,6415,False
Results/Intervar_20180118/clingen_cancerpredisposition_hg38_28012026_notvus.hg38_multianno.txt,InterVar_2018,HGMD_Clinvar_HL,1948,0,1944,1368,False
Results/Intervar_20180118/clingen_cancerpredisposition_hg38_28012026_notvus.hg38_multianno.txt,InterVar_2018,HGMD_Clinvar_Cancer,1788,0,1788,1347,False
Results/Intervar_20180118/clingen_hearing_loss_hg38_28012026.hg38_multianno.txt,InterVar_2018,clingen_28012026,11409,207,11200,7054,False
Results/Intervar_20180118/clingen_hearing_loss_hg38_28012026.hg38_multianno.txt,InterVar_2018,HGMD_Clinvar_HL,1948,0,1944,1368,False
Results/Intervar_20180118/clingen_hearing_loss_hg38_28012026.hg38_multianno.txt,InterVar_2018,HGMD_Clinvar_Cancer,1788,0,1788,1347,False
Results/Intervar_20180118/clingen_hearing_loss_hg38_28012026_notvus.hg38_multianno.txt,InterVar_2018,clingen_28012026,11409,158,11249,7097,False
Results/Intervar_20180118/clingen_hearing_loss_hg38_28012026_notvus.hg38_multianno.txt,InterVar_2018,HGMD_Clinvar_HL,1948,0,1944,1368,False
Results/Intervar_20180118/clingen_hearing_loss_hg38_28012026_notvus.hg38_multianno.txt,InterVar_2018,HGMD_Clinvar_Cancer,1788,0,1788,1347,False
Results/Intervar_20250721/HGMD_Clinvar_Cancer_hg38_fixed.hg38_multianno.txt,InterVar_2025,clingen_28012026,11409,212,11195,9297,False
Results/Intervar_20250721/HGMD_Clinvar_Cancer_hg38_fixed.hg38_multianno.txt,InterVar_2025,HGMD_Clinvar_HL,1948,0,1944,1549,False
Results/Intervar_20250721/HGMD_Clinvar_Cancer_hg38_fixed.hg38_multianno.txt,InterVar_2025,HGMD_Clinvar_Cancer,1788,1788,0,0,True
Results/Intervar_20250721/HGMD_Clinvar_Cancer_hg38_notvus_fixed.hg38_multianno.txt,InterVar_2025,clingen_28012026,11409,38,11369,9470,False
Results/Intervar_20250721/HGMD_Clinvar_Cancer_hg38_notvus_fixed.hg38_multianno.txt,InterVar_2025,HGMD_Clinvar_HL,1948,0,1944,1549,False
Results/Intervar_20250721/HGMD_Clinvar_Cancer_hg38_notvus_fixed.hg38_multianno.txt,InterVar_2025,HGMD_Clinvar_Cancer,1788,1462,326,236,False
Results/Intervar_20250721/HGMD_Clinvar_HL_hg38_fixed.hg38_multianno.txt,InterVar_2025,clingen_28012026,11409,43,11364,9464,False
Results/Intervar_20250721/HGMD_Clinvar_HL_hg38_fixed.hg38_multianno.txt,InterVar_2025,HGMD_Clinvar_HL,1948,1944,0,0,True
Results/Intervar_20250721/HGMD_Clinvar_HL_hg38_fixed.hg38_multianno.txt,InterVar_2025,HGMD_Clinvar_Cancer,1788,0,1788,1501,False
Results/Intervar_20250721/HGMD_Clinvar_HL_hg38_notvus_fixed.hg38_multianno.txt,InterVar_2025,clingen_28012026,11409,42,11365,9465,False
Results/Intervar_20250721/HGMD_Clinvar_HL_hg38_notvus_fixed.hg38_multianno.txt,InterVar_2025,HGMD_Clinvar_HL,1948,1454,490,467,False
Results/Intervar_20250721/HGMD_Clinvar_HL_hg38_notvus_fixed.hg38_multianno.txt,InterVar_2025,HGMD_Clinvar_Cancer,1788,0,1788,1501,False
Results/Intervar_20250721/clingen_28012026_hg38.hg38_multianno.txt,InterVar_2025,clingen_28012026,11409,11407,0,0,True
Results/Intervar_20250721/clingen_28012026_hg38.hg38_multianno.txt,InterVar_2025,HGMD_Clinvar_HL,1948,0,1944,1549,False
Results/Intervar_20250721/clingen_28012026_hg38.hg38_multianno.txt,InterVar_2025,HGMD_Clinvar_Cancer,1788,0,1788,1501,False
Results/Intervar_20250721/clingen_28012026_hg38_notvus.hg38_multianno.txt,InterVar_2025,clingen_28012026,11409,6532,4875,3257,False
Results/Intervar_20250721/clingen_28012026_hg38_notvus.hg38_multianno.txt,InterVar_2025,HGMD_Clinvar_HL,1948,0,1944,1549,False
Results/Intervar_20250721/clingen_28012026_hg38_notvus.hg38_multianno.txt,InterVar_2025,HGMD_Clinvar_Cancer,1788,0,1788,1501,False
Results/Intervar_20250721/clingen_cancerpredisposition_hg38_28012026.hg38_multianno.txt,InterVar_2025,clingen_28012026,11409,2915,8492,7136,False
Results/Intervar_20250721/clingen_cancerpredisposition_hg38_28012026.hg38_multianno.txt,InterVar_2025,HGMD_Clinvar_HL,1948,0,1944,1549,False
Results/Intervar_20250721/clingen_cancerpredisposition_hg38_28012026.hg38_multianno.txt,InterVar_2025,HGMD_Clinvar_Cancer,1788,0,1788,1501,False
Results/Intervar_20250721/clingen_cancerpredisposition_hg38_28012026_notvus.hg38_multianno.txt,InterVar_2025,clingen_28012026,11409,1656,9751,8289,False
Results/Intervar_20250721/clingen_cancerpredisposition_hg38_28012026_notvus.hg38_multianno.txt,InterVar_2025,HGMD_Clinvar_HL,1948,0,1944,1549,False
Results/Intervar_20250721/clingen_cancerpredisposition_hg38_28012026_notvus.hg38_multianno.txt,InterVar_2025,HGMD_Clinvar_Cancer,1788,0,1788,1501,False
Results/Intervar_20250721/clingen_hearing_loss_hg38_28012026.hg38_multianno.txt,InterVar_2025,clingen_28012026,11409,207,11200,9314,False
Results/Intervar_20250721/clingen_hearing_loss_hg38_28012026.hg38_multianno.txt,InterVar_2025,HGMD_Clinvar_HL,1948,0,1944,1549,False
Results/Intervar_20250721/clingen_hearing_loss_hg38_28012026.hg38_multianno.txt,InterVar_2025,HGMD_Clinvar_Cancer,1788,0,1788,1501,False
Results/Intervar_20250721/clingen_hearing_loss_hg38_28012026_notvus.hg38_multianno.txt,InterVar_2025,clingen_28012026,11409,158,11249,9361,False
Results/Intervar_20250721/clingen_hearing_loss_hg38_28012026_notvus.hg38_multianno.txt,InterVar_2025,HGMD_Clinvar_HL,1948,0,1944,1549,False
Results/Intervar_20250721/clingen_hearing_loss_hg38_28012026_notvus.hg38_multianno.txt,InterVar_2025,HGMD_Clinvar_Cancer,1788,0,1788,1501,False
Results/BIAS/HGMD_Clinvar_Cancer_hg38.tsv,BIAS,clingen_28012026,11409,212,11195,11170,False
Results/BIAS/HGMD_Clinvar_Cancer_hg38.tsv,BIAS,HGMD_Clinvar_HL,1948,0,1944,1928,False
Results/BIAS/HGMD_Clinvar_Cancer_hg38.tsv,BIAS,HGMD_Clinvar_Cancer,1788,1788,0,0,True
Results/BIAS/HGMD_Clinvar_Cancer_hg38_notvus.tsv,BIAS,clingen_28012026,11409,38,11369,11342,False
Results/BIAS/HGMD_Clinvar_Cancer_hg38_notvus.tsv,BIAS,HGMD_Clinvar_HL,1948,0,1944,1928,False
Results/BIAS/HGMD_Clinvar_Cancer_hg38_notvus.tsv,BIAS,HGMD_Clinvar_Cancer,1788,1462,326,322,False
Results/BIAS/HGMD_Clinvar_HL_hg38.tsv,BIAS,clingen_28012026,11409,43,11364,11337,False
Results/BIAS/HGMD_Clinvar_HL_hg38.tsv,BIAS,HGMD_Clinvar_HL,1948,1944,0,0,True
Results/BIAS/HGMD_Clinvar_HL_hg38.tsv,BIAS,HGMD_Clinvar_Cancer,1788,0,1788,1772,False
Results/BIAS/HGMD_Clinvar_HL_hg38_notvus.tsv,BIAS,clingen_28012026,11409,42,11365,11338,False
Results/BIAS/HGMD_Clinvar_HL_hg38_notvus.tsv,BIAS,HGMD_Clinvar_HL,1948,1454,490,485,False
Results/BIAS/HGMD_Clinvar_HL_hg38_notvus.tsv,BIAS,HGMD_Clinvar_Cancer,1788,0,1788,1772,False
Results/BIAS/clingen_28012026_hg38.tsv,BIAS,clingen_28012026,11409,11407,0,0,True
Results/BIAS/clingen_28012026_hg38.tsv,BIAS,HGMD_Clinvar_HL,1948,0,1944,1928,False
Results/BIAS/clingen_28012026_hg38.tsv,BIAS,HGMD_Clinvar_Cancer,1788,0,1788,1772,False
Results/BIAS/clingen_28012026_hg38_notvus.tsv,BIAS,clingen_28012026,11409,7855,3553,3533,False
Results/BIAS/clingen_28012026_hg38_notvus.tsv,BIAS,HGMD_Clinvar_HL,1948,0,1944,1928,False
Results/BIAS/clingen_28012026_hg38_notvus.tsv,BIAS,HGMD_Clinvar_Cancer,1788,0,1788,1772,False
Results/BIAS/clingen_cancerpredisposition_hg38_28012026.tsv,BIAS,clingen_28012026,11409,2915,8492,8474,False
Results/BIAS/clingen_cancerpredisposition_hg38_28012026.tsv,BIAS,HGMD_Clinvar_HL,1948,0,1944,1928,False
Results/BIAS/clingen_cancerpredisposition_hg38_28012026.tsv,BIAS,HGMD_Clinvar_Cancer,1788,0,1788,1772,False
Results/BIAS/clingen_cancerpredisposition_hg38_28012026_notvus.tsv,BIAS,clingen_28012026,11409,1656,9751,9726,False
Results/BIAS/clingen_cancerpredisposition_hg38_28012026_notvus.tsv,BIAS,HGMD_Clinvar_HL,1948,0,1944,1928,False
Results/BIAS/clingen_cancerpredisposition_hg38_28012026_notvus.tsv,BIAS,HGMD_Clinvar_Cancer,1788,0,1788,1772,False
Results/BIAS/clingen_hearing_loss_hg38_28012026.tsv,BIAS,clingen_28012026,11409,207,11200,11173,False
Results/BIAS/clingen_hearing_loss_hg38_28012026.tsv,BIAS,HGMD_Clinvar_HL,1948,0,1944,1928,False
Results/BIAS/clingen_hearing_loss_hg38_28012026.tsv,BIAS,HGMD_Clinvar_Cancer,1788,0,1788,1772,False
Results/BIAS/clingen_hearing_loss_hg38_28012026_notvus.tsv,BIAS,clingen_28012026,11409,158,11249,11222,False
Results/BIAS/clingen_hearing_loss_hg38_28012026_notvus.tsv,BIAS,HGMD_Clinvar_HL,1948,0,1944,1928,False
Results/BIAS/clingen_hearing_loss_hg38_28012026_notvus.tsv,BIAS,HGMD_Clinvar_Cancer,1788,0,1788,1772,False
Results/CharGer_local/HGMD_Clinvar_Cancer_hg38_CharGer_local_annotated_VEPv97_results.tsv,CharGer_Local,clingen_28012026,11409,211,9592,9155,False
Results/CharGer_local/HGMD_Clinvar_Cancer_hg38_CharGer_local_annotated_VEPv97_results.tsv,CharGer_Local,HGMD_Clinvar_HL,1948,0,1830,1664,False
Results/CharGer_local/HGMD_Clinvar_Cancer_hg38_CharGer_local_annotated_VEPv97_results.tsv,CharGer_Local,HGMD_Clinvar_Cancer,1788,1671,0,0,True
Results/CharGer_local/HGMD_Clinvar_Cancer_hg38_notvus_CharGer_local_annotated_VEPv97_results.tsv,CharGer_Local,clingen_28012026,11409,38,9765,9328,False
Results/CharGer_local/HGMD_Clinvar_Cancer_hg38_notvus_CharGer_local_annotated_VEPv97_results.tsv,CharGer_Local,HGMD_Clinvar_HL,1948,0,1830,1664,False
Results/CharGer_local/HGMD_Clinvar_Cancer_hg38_notvus_CharGer_local_annotated_VEPv97_results.tsv,CharGer_Local,HGMD_Clinvar_Cancer,1788,1372,299,282,False
Results/CharGer_local/HGMD_Clinvar_HL_hg38_CharGer_local_annotated_VEPv97_results.tsv,CharGer_Local,clingen_28012026,11409,43,9760,9325,False
Results/CharGer_local/HGMD_Clinvar_HL_hg38_CharGer_local_annotated_VEPv97_results.tsv,CharGer_Local,HGMD_Clinvar_HL,1948,1830,0,0,True
Results/CharGer_local/HGMD_Clinvar_HL_hg38_CharGer_local_annotated_VEPv97_results.tsv,CharGer_Local,HGMD_Clinvar_Cancer,1788,0,1671,1592,False
Results/CharGer_local/HGMD_Clinvar_HL_hg38_notvus_CharGer_local_annotated_VEPv97_results.tsv,CharGer_Local,clingen_28012026,11409,42,9761,9326,False
Results/CharGer_local/HGMD_Clinvar_HL_hg38_notvus_CharGer_local_annotated_VEPv97_results.tsv,CharGer_Local,HGMD_Clinvar_HL,1948,1357,473,471,False
Results/CharGer_local/HGMD_Clinvar_HL_hg38_notvus_CharGer_local_annotated_VEPv97_results.tsv,CharGer_Local,HGMD_Clinvar_Cancer,1788,0,1671,1592,False
Results/CharGer_local/clingen_28012026_hg38_fixed_CharGer_local_annotated_VEPv97_results.tsv,CharGer_Local,clingen_28012026,11409,9803,0,0,True
Results/CharGer_local/clingen_28012026_hg38_fixed_CharGer_local_annotated_VEPv97_results.tsv,CharGer_Local,HGMD_Clinvar_HL,1948,0,1830,1664,False
Results/CharGer_local/clingen_28012026_hg38_fixed_CharGer_local_annotated_VEPv97_results.tsv,CharGer_Local,HGMD_Clinvar_Cancer,1788,0,1671,1592,False
Results/CharGer_local/clingen_28012026_hg38_notvus_fixed_CharGer_local_annotated_VEPv97_results.tsv,CharGer_Local,clingen_28012026,11409,6476,3327,3312,False
Results/CharGer_local/clingen_28012026_hg38_notvus_fixed_CharGer_local_annotated_VEPv97_results.tsv,CharGer_Local,HGMD_Clinvar_HL,1948,0,1830,1664,False
Results/CharGer_local/clingen_28012026_hg38_notvus_fixed_CharGer_local_annotated_VEPv97_results.tsv,CharGer_Local,HGMD_Clinvar_Cancer,1788,0,1671,1592,False
Results/CharGer_local/clingen_cancerpredisposition_hg38_28012026_fixed_CharGer_local_annotated_VEPv97_results.tsv,CharGer_Local,clingen_28012026,11409,2493,7310,6989,False
Results/CharGer_local/clingen_cancerpredisposition_hg38_28012026_fixed_CharGer_local_annotated_VEPv97_results.tsv,CharGer_Local,HGMD_Clinvar_HL,1948,0,1830,1664,False
Results/CharGer_local/clingen_cancerpredisposition_hg38_28012026_fixed_CharGer_local_annotated_VEPv97_results.tsv,CharGer_Local,HGMD_Clinvar_Cancer,1788,0,1671,1592,False
Results/CharGer_local/clingen_cancerpredisposition_hg38_28012026_notvus_fixed_CharGer_local_annotated_VEPv97_results.tsv,CharGer_Local,clingen_28012026,11409,1325,8478,8156,False
Results/CharGer_local/clingen_cancerpredisposition_hg38_28012026_notvus_fixed_CharGer_local_annotated_VEPv97_results.tsv,CharGer_Local,HGMD_Clinvar_HL,1948,0,1830,1664,False
Results/CharGer_local/clingen_cancerpredisposition_hg38_28012026_notvus_fixed_CharGer_local_annotated_VEPv97_results.tsv,CharGer_Local,HGMD_Clinvar_Cancer,1788,0,1671,1592,False
Results/CharGer_local/clingen_hearing_loss_hg38_28012026_fixed_CharGer_local_annotated_VEPv97_results.tsv,CharGer_Local,clingen_28012026,11409,196,9607,9189,False
Results/CharGer_local/clingen_hearing_loss_hg38_28012026_fixed_CharGer_local_annotated_VEPv97_results.tsv,CharGer_Local,HGMD_Clinvar_HL,1948,0,1830,1664,False
Results/CharGer_local/clingen_hearing_loss_hg38_28012026_fixed_CharGer_local_annotated_VEPv97_results.tsv,CharGer_Local,HGMD_Clinvar_Cancer,1788,0,1671,1592,False
Results/CharGer_local/clingen_hearing_loss_hg38_28012026_notvus_fixed_CharGer_local_annotated_VEPv97_results.tsv,CharGer_Local,clingen_28012026,11409,147,9656,9236,False
Results/CharGer_local/clingen_hearing_loss_hg38_28012026_notvus_fixed_CharGer_local_annotated_VEPv97_results.tsv,CharGer_Local,HGMD_Clinvar_HL,1948,0,1830,1664,False
Results/CharGer_local/clingen_hearing_loss_hg38_28012026_notvus_fixed_CharGer_local_annotated_VEPv97_results.tsv,CharGer_Local,HGMD_Clinvar_Cancer,1788,0,1671,1592,False
Results/CharGer_online/HGMD_Clinvar_Cancer_hg38_CharGer_online_annotated_and_local_ClinVar_results.tsv,CharGer_Online,clingen_28012026,11409,211,9592,9592,False
Results/CharGer_online/HGMD_Clinvar_Cancer_hg38_CharGer_online_annotated_and_local_ClinVar_results.tsv,CharGer_Online,HGMD_Clinvar_HL,1948,0,1830,1830,False
Results/CharGer_online/HGMD_Clinvar_Cancer_hg38_CharGer_online_annotated_and_local_ClinVar_results.tsv,CharGer_Online,HGMD_Clinvar_Cancer,1788,1671,0,0,True
Results/CharGer_online/HGMD_Clinvar_Cancer_hg38_notvus_CharGer_online_annotated_and_local_ClinVar_results.tsv,CharGer_Online,clingen_28012026,11409,38,9765,9765,False
Results/CharGer_online/HGMD_Clinvar_Cancer_hg38_notvus_CharGer_online_annotated_and_local_ClinVar_results.tsv,CharGer_Online,HGMD_Clinvar_HL,1948,0,1830,1830,False
Results/CharGer_online/HGMD_Clinvar_Cancer_hg38_notvus_CharGer_online_annotated_and_local_ClinVar_results.tsv,CharGer_Online,HGMD_Clinvar_Cancer,1788,1372,299,299,False
Results/CharGer_online/HGMD_Clinvar_HL_hg38_CharGer_online_annotated_and_local_ClinVar_results.tsv,CharGer_Online,clingen_28012026,11409,43,9760,9760,False
Results/CharGer_online/HGMD_Clinvar_HL_hg38_CharGer_online_annotated_and_local_ClinVar_results.tsv,CharGer_Online,HGMD_Clinvar_HL,1948,1830,0,0,True
Results/CharGer_online/HGMD_Clinvar_HL_hg38_CharGer_online_annotated_and_local_ClinVar_results.tsv,CharGer_Online,HGMD_Clinvar_Cancer,1788,0,1671,1671,False
Results/CharGer_online/HGMD_Clinvar_HL_hg38_notvus_CharGer_online_annotated_and_local_ClinVar_results.tsv,CharGer_Online,clingen_28012026,11409,42,9761,9761,False
Results/CharGer_online/HGMD_Clinvar_HL_hg38_notvus_CharGer_online_annotated_and_local_ClinVar_results.tsv,CharGer_Online,HGMD_Clinvar_HL,1948,1357,473,473,False
Results/CharGer_online/HGMD_Clinvar_HL_hg38_notvus_CharGer_online_annotated_and_local_ClinVar_results.tsv,CharGer_Online,HGMD_Clinvar_Cancer,1788,0,1671,1671,False
Results/CharGer_online/clingen_28012026_hg38_fixed_CharGer_online_annotated_and_local_ClinVar_results.tsv,CharGer_Online,clingen_28012026,11409,9803,0,0,True
Results/CharGer_online/clingen_28012026_hg38_fixed_CharGer_online_annotated_and_local_ClinVar_results.tsv,CharGer_Online,HGMD_Clinvar_HL,1948,0,1830,1830,False
Results/CharGer_online/clingen_28012026_hg38_fixed_CharGer_online_annotated_and_local_ClinVar_results.tsv,CharGer_Online,HGMD_Clinvar_Cancer,1788,0,1671,1671,False
Results/CharGer_online/clingen_28012026_hg38_notvus_fixed_CharGer_online_annotated_and_local_ClinVar_results.tsv,CharGer_Online,clingen_28012026,11409,6476,3327,3327,False
Results/CharGer_online/clingen_28012026_hg38_notvus_fixed_CharGer_online_annotated_and_local_ClinVar_results.tsv,CharGer_Online,HGMD_Clinvar_HL,1948,0,1830,1830,False
Results/CharGer_online/clingen_28012026_hg38_notvus_fixed_CharGer_online_annotated_and_local_ClinVar_results.tsv,CharGer_Online,HGMD_Clinvar_Cancer,1788,0,1671,1671,False
Results/CharGer_online/clingen_cancerpredisposition_hg38_28012026_fixed_CharGer_online_annotated_and_local_ClinVar_results.tsv,CharGer_Online,clingen_28012026,11409,2493,7310,7310,False
Results/CharGer_online/clingen_cancerpredisposition_hg38_28012026_fixed_CharGer_online_annotated_and_local_ClinVar_results.tsv,CharGer_Online,HGMD_Clinvar_HL,1948,0,1830,1830,False
Results/CharGer_online/clingen_cancerpredisposition_hg38_28012026_fixed_CharGer_online_annotated_and_local_ClinVar_results.tsv,CharGer_Online,HGMD_Clinvar_Cancer,1788,0,1671,1671,False
Results/CharGer_online/clingen_cancerpredisposition_hg38_28012026_notvus_fixed_CharGer_online_annotated_and_local_ClinVar_results.tsv,CharGer_Online,clingen_28012026,11409,1325,8478,8478,False
Results/CharGer_online/clingen_cancerpredisposition_hg38_28012026_notvus_fixed_CharGer_online_annotated_and_local_ClinVar_results.tsv,CharGer_Online,HGMD_Clinvar_HL,1948,0,1830,1830,False
Results/CharGer_online/clingen_cancerpredisposition_hg38_28012026_notvus_fixed_CharGer_online_annotated_and_local_ClinVar_results.tsv,CharGer_Online,HGMD_Clinvar_Cancer,1788,0,1671,1671,False
Results/CharGer_online/clingen_hearing_loss_hg38_28012026_fixed_CharGer_online_annotated_and_local_ClinVar_results.tsv,CharGer_Online,clingen_28012026,11409,196,9607,9607,False
Results/CharGer_online/clingen_hearing_loss_hg38_28012026_fixed_CharGer_online_annotated_and_local_ClinVar_results.tsv,CharGer_Online,HGMD_Clinvar_HL,1948,0,1830,1830,False
Results/CharGer_online/clingen_hearing_loss_hg38_28012026_fixed_CharGer_online_annotated_and_local_ClinVar_results.tsv,CharGer_Online,HGMD_Clinvar_Cancer,1788,0,1671,1671,False
Results/CharGer_online/clingen_hearing_loss_hg38_28012026_notvus_fixed_CharGer_online_annotated_and_local_ClinVar_results.tsv,CharGer_Online,clingen_28012026,11409,147,9656,9656,False
Results/CharGer_online/clingen_hearing_loss_hg38_28012026_notvus_fixed_CharGer_online_annotated_and_local_ClinVar_results.tsv,CharGer_Online,HGMD_Clinvar_HL,1948,0,1830,1830,False
Results/CharGer_online/clingen_hearing_loss_hg38_28012026_notvus_fixed_CharGer_online_annotated_and_local_ClinVar_results.tsv,CharGer_Online,HGMD_Clinvar_Cancer,1788,0,1671,1671,False
Results/DiabloACMG/HGMD_hg38_Clinvar_Cancer_annotated.tsv,DiabloACMG,clingen_28012026,11409,211,9600,9588,False
Results/DiabloACMG/HGMD_hg38_Clinvar_Cancer_annotated.tsv,DiabloACMG,HGMD_Clinvar_HL,1948,0,1834,1828,False
Results/DiabloACMG/HGMD_hg38_Clinvar_Cancer_annotated.tsv,DiabloACMG,HGMD_Clinvar_Cancer,1788,1678,0,0,True
Results/DiabloACMG/HGMD_hg38_Clinvar_Cancer_notvus_annotated.tsv,DiabloACMG,clingen_28012026,11409,38,9769,9755,False
Results/DiabloACMG/HGMD_hg38_Clinvar_Cancer_notvus_annotated.tsv,DiabloACMG,HGMD_Clinvar_HL,1948,0,1834,1828,False
Results/DiabloACMG/HGMD_hg38_Clinvar_Cancer_notvus_annotated.tsv,DiabloACMG,HGMD_Clinvar_Cancer,1788,1379,299,293,False
Results/DiabloACMG/HGMD_hg38_Clinvar_HL_annotated.tsv,DiabloACMG,clingen_28012026,11409,43,9760,9748,False
Results/DiabloACMG/HGMD_hg38_Clinvar_HL_annotated.tsv,DiabloACMG,HGMD_Clinvar_HL,1948,1834,0,0,True
Results/DiabloACMG/HGMD_hg38_Clinvar_HL_annotated.tsv,DiabloACMG,HGMD_Clinvar_Cancer,1788,0,1678,1672,False
Results/DiabloACMG/HGMD_hg38_Clinvar_HL_notvus_annotated.tsv,DiabloACMG,clingen_28012026,11409,42,9761,9749,False
Results/DiabloACMG/HGMD_hg38_Clinvar_HL_notvus_annotated.tsv,DiabloACMG,HGMD_Clinvar_HL,1948,1357,477,475,False
Results/DiabloACMG/HGMD_hg38_Clinvar_HL_notvus_annotated.tsv,DiabloACMG,HGMD_Clinvar_Cancer,1788,0,1678,1672,False
Results/DiabloACMG/clingen_hg38_28012026_annotated.tsv,DiabloACMG,clingen_28012026,11409,9803,0,0,True
Results/DiabloACMG/clingen_hg38_28012026_annotated.tsv,DiabloACMG,HGMD_Clinvar_HL,1948,0,1834,1828,False
Results/DiabloACMG/clingen_hg38_28012026_annotated.tsv,DiabloACMG,HGMD_Clinvar_Cancer,1788,0,1678,1672,False
Results/DiabloACMG/clingen_hg38_28012026_notvus_fixed_annotated.tsv,DiabloACMG,clingen_28012026,11409,6476,3327,3319,False
Results/DiabloACMG/clingen_hg38_28012026_notvus_fixed_annotated.tsv,DiabloACMG,HGMD_Clinvar_HL,1948,0,1834,1828,False
Results/DiabloACMG/clingen_hg38_28012026_notvus_fixed_annotated.tsv,DiabloACMG,HGMD_Clinvar_Cancer,1788,0,1678,1672,False
Results/DiabloACMG/clingen_hg38_cancerpredisposition_fixed_annotated.tsv,DiabloACMG,clingen_28012026,11409,2493,7310,7301,False
Results/DiabloACMG/clingen_hg38_cancerpredisposition_fixed_annotated.tsv,DiabloACMG,HGMD_Clinvar_HL,1948,0,1834,1828,False
Results/DiabloACMG/clingen_hg38_cancerpredisposition_fixed_annotated.tsv,DiabloACMG,HGMD_Clinvar_Cancer,1788,0,1678,1672,False
Results/DiabloACMG/clingen_hg38_cancerpredisposition_notvus_fixed_annotated.tsv,DiabloACMG,clingen_28012026,11409,1325,8478,8466,False
Results/DiabloACMG/clingen_hg38_cancerpredisposition_notvus_fixed_annotated.tsv,DiabloACMG,HGMD_Clinvar_HL,1948,0,1834,1828,False
Results/DiabloACMG/clingen_hg38_cancerpredisposition_notvus_fixed_annotated.tsv,DiabloACMG,HGMD_Clinvar_Cancer,1788,0,1678,1672,False
Results/DiabloACMG/clingen_hg38_hearing_loss_annotated.tsv,DiabloACMG,clingen_28012026,11409,196,9607,9593,False
Results/DiabloACMG/clingen_hg38_hearing_loss_annotated.tsv,DiabloACMG,HGMD_Clinvar_HL,1948,0,1834,1828,False
Results/DiabloACMG/clingen_hg38_hearing_loss_annotated.tsv,DiabloACMG,HGMD_Clinvar_Cancer,1788,0,1678,1672,False
Results/DiabloACMG/clingen_hg38_hearing_loss_notvus_annotated.tsv,DiabloACMG,clingen_28012026,11409,147,9656,9642,False
Results/DiabloACMG/clingen_hg38_hearing_loss_notvus_annotated.tsv,DiabloACMG,HGMD_Clinvar_HL,1948,0,1834,1828,False
Results/DiabloACMG/clingen_hg38_hearing_loss_notvus_annotated.tsv,DiabloACMG,HGMD_Clinvar_Cancer,1788,0,1678,1672,False
Results/Exomiser/HGMD_Clinvar_Cancer_hg38-exomiser.variants.tsv,Exomiser,clingen_28012026,11409,197,9791,113,False
Results/Exomiser/HGMD_Clinvar_Cancer_hg38-exomiser.variants.tsv,Exomiser,HGMD_Clinvar_HL,1948,0,1489,6,False
Results/Exomiser/HGMD_Clinvar_Cancer_hg38-exomiser.variants.tsv,Exomiser,HGMD_Clinvar_Cancer,1788,1428,0,0,True
Results/Exomiser/HGMD_Clinvar_Cancer_hg38_notvus-exomiser.variants.tsv,Exomiser,clingen_28012026,11409,24,9966,116,False
Results/Exomiser/HGMD_Clinvar_Cancer_hg38_notvus-exomiser.variants.tsv,Exomiser,HGMD_Clinvar_HL,1948,0,1489,6,False
Results/Exomiser/HGMD_Clinvar_Cancer_hg38_notvus-exomiser.variants.tsv,Exomiser,HGMD_Clinvar_Cancer,1788,1247,182,2,False
Results/Exomiser/HGMD_Clinvar_HL_hg38-exomiser.variants.tsv,Exomiser,clingen_28012026,11409,40,9951,116,False
Results/Exomiser/HGMD_Clinvar_HL_hg38-exomiser.variants.tsv,Exomiser,HGMD_Clinvar_HL,1948,1489,0,0,True
Results/Exomiser/HGMD_Clinvar_HL_hg38-exomiser.variants.tsv,Exomiser,HGMD_Clinvar_Cancer,1788,0,1428,4,False
Results/Exomiser/HGMD_Clinvar_HL_hg38_notvus-exomiser.variants.tsv,Exomiser,clingen_28012026,11409,39,9954,118,False
Results/Exomiser/HGMD_Clinvar_HL_hg38_notvus-exomiser.variants.tsv,Exomiser,HGMD_Clinvar_HL,1948,1007,483,3,False
Results/Exomiser/HGMD_Clinvar_HL_hg38_notvus-exomiser.variants.tsv,Exomiser,HGMD_Clinvar_Cancer,1788,0,1428,4,False
Results/Exomiser/clingen_28012026_hg38-exomiser.variants.tsv,Exomiser,clingen_28012026,11409,9986,0,0,True
Results/Exomiser/clingen_28012026_hg38-exomiser.variants.tsv,Exomiser,HGMD_Clinvar_HL,1948,0,1489,6,False
Results/Exomiser/clingen_28012026_hg38-exomiser.variants.tsv,Exomiser,HGMD_Clinvar_Cancer,1788,0,1428,4,False
Results/Exomiser/clingen_28012026_hg38_notvus_gatk-exomiser.variants.tsv,Exomiser,clingen_28012026,11409,6719,3281,25,False
Results/Exomiser/clingen_28012026_hg38_notvus_gatk-exomiser.variants.tsv,Exomiser,HGMD_Clinvar_HL,1948,0,1489,6,False
Results/Exomiser/clingen_28012026_hg38_notvus_gatk-exomiser.variants.tsv,Exomiser,HGMD_Clinvar_Cancer,1788,0,1428,4,False
Results/Exomiser/clingen_cancerpredisposition_hg38_28012026-exomiser.variants.tsv,Exomiser,clingen_28012026,11409,2409,7577,103,False
Results/Exomiser/clingen_cancerpredisposition_hg38_28012026-exomiser.variants.tsv,Exomiser,HGMD_Clinvar_HL,1948,0,1489,6,False
Results/Exomiser/clingen_cancerpredisposition_hg38_28012026-exomiser.variants.tsv,Exomiser,HGMD_Clinvar_Cancer,1788,0,1428,4,False
Results/Exomiser/clingen_cancerpredisposition_hg38_28012026_notvus-exomiser.variants.tsv,Exomiser,clingen_28012026,11409,1261,8728,108,False
Results/Exomiser/clingen_cancerpredisposition_hg38_28012026_notvus-exomiser.variants.tsv,Exomiser,HGMD_Clinvar_HL,1948,0,1489,6,False
Results/Exomiser/clingen_cancerpredisposition_hg38_28012026_notvus-exomiser.variants.tsv,Exomiser,HGMD_Clinvar_Cancer,1788,0,1428,4,False
Results/Exomiser/clingen_hearing_loss_hg38_28012026-exomiser.variants.tsv,Exomiser,clingen_28012026,11409,192,9794,102,False
Results/Exomiser/clingen_hearing_loss_hg38_28012026-exomiser.variants.tsv,Exomiser,HGMD_Clinvar_HL,1948,0,1489,6,False
Results/Exomiser/clingen_hearing_loss_hg38_28012026-exomiser.variants.tsv,Exomiser,HGMD_Clinvar_Cancer,1788,0,1428,4,False
Results/Exomiser/clingen_hearing_loss_hg38_28012026_notvu-exomiser.variants.tsv,Exomiser,clingen_28012026,11409,145,9841,102,False
Results/Exomiser/clingen_hearing_loss_hg38_28012026_notvu-exomiser.variants.tsv,Exomiser,HGMD_Clinvar_HL,1948,0,1489,6,False
Results/Exomiser/clingen_hearing_loss_hg38_28012026_notvu-exomiser.variants.tsv,Exomiser,HGMD_Clinvar_Cancer,1788,0,1428,4,False
Results/Genebe/HGMD_Clinvar_Cancer_hg38_genebe.vcf,Genebe,clingen_28012026,11409,212,11195,10957,False
Results/Genebe/HGMD_Clinvar_Cancer_hg38_genebe.vcf,Genebe,HGMD_Clinvar_HL,1948,0,1944,1906,False
Results/Genebe/HGMD_Clinvar_Cancer_hg38_genebe.vcf,Genebe,HGMD_Clinvar_Cancer,1788,1788,0,0,True
Results/Genebe/HGMD_Clinvar_Cancer_hg38_notvus_genebe.vcf,Genebe,clingen_28012026,11409,38,11369,11123,False
Results/Genebe/HGMD_Clinvar_Cancer_hg38_notvus_genebe.vcf,Genebe,HGMD_Clinvar_HL,1948,0,1944,1906,False
Results/Genebe/HGMD_Clinvar_Cancer_hg38_notvus_genebe.vcf,Genebe,HGMD_Clinvar_Cancer,1788,1462,326,324,False
Results/Genebe/HGMD_Clinvar_HL_hg38_genebe.vcf,Genebe,clingen_28012026,11409,43,11364,11118,False
Results/Genebe/HGMD_Clinvar_HL_hg38_genebe.vcf,Genebe,HGMD_Clinvar_HL,1948,1944,0,0,True
Results/Genebe/HGMD_Clinvar_HL_hg38_genebe.vcf,Genebe,HGMD_Clinvar_Cancer,1788,0,1788,1765,False
Results/Genebe/HGMD_Clinvar_HL_hg38_notvus_genebe.vcf,Genebe,clingen_28012026,11409,42,11365,11119,False
Results/Genebe/HGMD_Clinvar_HL_hg38_notvus_genebe.vcf,Genebe,HGMD_Clinvar_HL,1948,1454,490,465,False
Results/Genebe/HGMD_Clinvar_HL_hg38_notvus_genebe.vcf,Genebe,HGMD_Clinvar_Cancer,1788,0,1788,1765,False
Results/Genebe/clingen_28012026_hg38_genebe.vcf,Genebe,clingen_28012026,11409,11407,0,0,True
Results/Genebe/clingen_28012026_hg38_genebe.vcf,Genebe,HGMD_Clinvar_HL,1948,0,1944,1906,False
Results/Genebe/clingen_28012026_hg38_genebe.vcf,Genebe,HGMD_Clinvar_Cancer,1788,0,1788,1765,False
Results/Genebe/clingen_28012026_hg38_notvus_genebe.vcf,Genebe,clingen_28012026,11409,7855,3552,3323,False
Results/Genebe/clingen_28012026_hg38_notvus_genebe.vcf,Genebe,HGMD_Clinvar_HL,1948,0,1944,1906,False
Results/Genebe/clingen_28012026_hg38_notvus_genebe.vcf,Genebe,HGMD_Clinvar_Cancer,1788,0,1788,1765,False
Results/Genebe/clingen_cancerpredisposition_hg38_28012026_genebe.vcf,Genebe,clingen_28012026,11409,2915,8492,8352,False
Results/Genebe/clingen_cancerpredisposition_hg38_28012026_genebe.vcf,Genebe,HGMD_Clinvar_HL,1948,0,1944,1906,False
Results/Genebe/clingen_cancerpredisposition_hg38_28012026_genebe.vcf,Genebe,HGMD_Clinvar_Cancer,1788,0,1788,1765,False
Results/Genebe/clingen_cancerpredisposition_hg38_28012026_notvus_genebe.vcf,Genebe,clingen_28012026,11409,1656,9751,9510,False
Results/Genebe/clingen_cancerpredisposition_hg38_28012026_notvus_genebe.vcf,Genebe,HGMD_Clinvar_HL,1948,0,1944,1906,False
Results/Genebe/clingen_cancerpredisposition_hg38_28012026_notvus_genebe.vcf,Genebe,HGMD_Clinvar_Cancer,1788,0,1788,1765,False
Results/Genebe/clingen_hearing_loss_hg38_28012026_genebe.vcf,Genebe,clingen_28012026,11409,207,11200,10958,False
Results/Genebe/clingen_hearing_loss_hg38_28012026_genebe.vcf,Genebe,HGMD_Clinvar_HL,1948,0,1944,1906,False
Results/Genebe/clingen_hearing_loss_hg38_28012026_genebe.vcf,Genebe,HGMD_Clinvar_Cancer,1788,0,1788,1765,False
Results/Genebe/clingen_hearing_loss_hg38_28012026_notvus_genebe.vcf,Genebe,clingen_28012026,11409,158,11249,11004,False
Results/Genebe/clingen_hearing_loss_hg38_28012026_notvus_genebe.vcf,Genebe,HGMD_Clinvar_HL,1948,0,1944,1906,False
Results/Genebe/clingen_hearing_loss_hg38_28012026_notvus_genebe.vcf,Genebe,HGMD_Clinvar_Cancer,1788,0,1788,1765,False
Results/TAPES/tapes_HGMD_Clinvar_Cancer_hg38.csv,TAPES,clingen_28012026,11409,191,11216,11071,False
Results/TAPES/tapes_HGMD_Clinvar_Cancer_hg38.csv,TAPES,HGMD_Clinvar_HL,1948,0,988,957,False
Results/TAPES/tapes_HGMD_Clinvar_Cancer_hg38.csv,TAPES,HGMD_Clinvar_Cancer,1788,808,0,0,True
Results/TAPES/tapes_HGMD_Clinvar_Cancer_hg38_notvus.csv,TAPES,clingen_28012026,11409,17,11390,11245,False
Results/TAPES/tapes_HGMD_Clinvar_Cancer_hg38_notvus.csv,TAPES,HGMD_Clinvar_HL,1948,0,988,957,False
Results/TAPES/tapes_HGMD_Clinvar_Cancer_hg38_notvus.csv,TAPES,HGMD_Clinvar_Cancer,1788,482,326,318,False
Results/TAPES/tapes_HGMD_Clinvar_HL_hg38.csv,TAPES,clingen_28012026,11409,11,11396,11251,False
Results/TAPES/tapes_HGMD_Clinvar_HL_hg38.csv,TAPES,HGMD_Clinvar_HL,1948,988,0,0,True
Results/TAPES/tapes_HGMD_Clinvar_HL_hg38.csv,TAPES,HGMD_Clinvar_Cancer,1788,0,808,794,False
Results/TAPES/tapes_HGMD_Clinvar_HL_hg38_notvus.csv,TAPES,clingen_28012026,11409,10,11397,11252,False
Results/TAPES/tapes_HGMD_Clinvar_HL_hg38_notvus.csv,TAPES,HGMD_Clinvar_HL,1948,489,499,475,False
Results/TAPES/tapes_HGMD_Clinvar_HL_hg38_notvus.csv,TAPES,HGMD_Clinvar_Cancer,1788,0,808,794,False
Results/TAPES/tapes_clingen_28012026_hg38_fixed.csv,TAPES,clingen_28012026,11409,11407,0,0,True
Results/TAPES/tapes_clingen_28012026_hg38_fixed.csv,TAPES,HGMD_Clinvar_HL,1948,0,988,957,False
Results/TAPES/tapes_clingen_28012026_hg38_fixed.csv,TAPES,HGMD_Clinvar_Cancer,1788,0,808,794,False
Results/TAPES/tapes_clingen_28012026_hg38_notvus_fixed.csv,TAPES,clingen_28012026,11409,7855,3552,3514,False
Results/TAPES/tapes_clingen_28012026_hg38_notvus_fixed.csv,TAPES,HGMD_Clinvar_HL,1948,0,988,957,False
Results/TAPES/tapes_clingen_28012026_hg38_notvus_fixed.csv,TAPES,HGMD_Clinvar_Cancer,1788,0,808,794,False
Results/TAPES/tapes_clingen_cancerpredisposition_hg38_28012026_fixed.csv,TAPES,clingen_28012026,11409,2915,8492,8357,False
Results/TAPES/tapes_clingen_cancerpredisposition_hg38_28012026_fixed.csv,TAPES,HGMD_Clinvar_HL,1948,0,988,957,False
Results/TAPES/tapes_clingen_cancerpredisposition_hg38_28012026_fixed.csv,TAPES,HGMD_Clinvar_Cancer,1788,0,808,794,False
Results/TAPES/tapes_clingen_cancerpredisposition_hg38_28012026_notvus_fixed.csv,TAPES,clingen_28012026,11409,1656,9751,9613,False
Results/TAPES/tapes_clingen_cancerpredisposition_hg38_28012026_notvus_fixed.csv,TAPES,HGMD_Clinvar_HL,1948,0,988,957,False
Results/TAPES/tapes_clingen_cancerpredisposition_hg38_28012026_notvus_fixed.csv,TAPES,HGMD_Clinvar_Cancer,1788,0,808,794,False
Results/TAPES/tapes_clingen_hearing_loss_hg38_28012026_fixed.csv,TAPES,clingen_28012026,11409,207,11200,11055,False
Results/TAPES/tapes_clingen_hearing_loss_hg38_28012026_fixed.csv,TAPES,HGMD_Clinvar_HL,1948,0,988,957,False
Results/TAPES/tapes_clingen_hearing_loss_hg38_28012026_fixed.csv,TAPES,HGMD_Clinvar_Cancer,1788,0,808,794,False
Results/TAPES/tapes_clingen_hearing_loss_hg38_28012026_notvus_fixed.csv,TAPES,clingen_28012026,11409,158,11249,11104,False
Results/TAPES/tapes_clingen_hearing_loss_hg38_28012026_notvus_fixed.csv,TAPES,HGMD_Clinvar_HL,1948,0,988,957,False
Results/TAPES/tapes_clingen_hearing_loss_hg38_28012026_notvus_fixed.csv,TAPES,HGMD_Clinvar_Cancer,1788,0,808,794,False
Results/Franklin/merged_HGMD_Clinvar_Cancer_hg19_last_single_snp_variants.csv,Franklin,clingen_28012026,11409,174,8926,8920,False
Results/Franklin/merged_HGMD_Clinvar_Cancer_hg19_last_single_snp_variants.csv,Franklin,HGMD_Clinvar_HL,1948,0,1483,1480,False
Results/Franklin/merged_HGMD_Clinvar_Cancer_hg19_last_single_snp_variants.csv,Franklin,HGMD_Clinvar_Cancer,1788,1157,0,0,True
Results/Franklin/merged_HGMD_Clinvar_Cancer_hg19_notvus_last_single_snp_variants.csv,Franklin,clingen_28012026,11409,24,9076,9067,False
Results/Franklin/merged_HGMD_Clinvar_Cancer_hg19_notvus_last_single_snp_variants.csv,Franklin,HGMD_Clinvar_HL,1948,0,1483,1480,False
Results/Franklin/merged_HGMD_Clinvar_Cancer_hg19_notvus_last_single_snp_variants.csv,Franklin,HGMD_Clinvar_Cancer,1788,978,179,178,False
Results/Franklin/merged_HGMD_Clinvar_HL_hg19_last_single_snp_variants.csv,Franklin,clingen_28012026,11409,43,9057,9047,False
Results/Franklin/merged_HGMD_Clinvar_HL_hg19_last_single_snp_variants.csv,Franklin,HGMD_Clinvar_HL,1948,1483,0,0,True
Results/Franklin/merged_HGMD_Clinvar_HL_hg19_last_single_snp_variants.csv,Franklin,HGMD_Clinvar_Cancer,1788,0,1157,1156,False
Results/Franklin/merged_HGMD_Clinvar_HL_hg19_notvus_last_single_snp_variants.csv,Franklin,clingen_28012026,11409,42,9058,9048,False
Results/Franklin/merged_HGMD_Clinvar_HL_hg19_notvus_last_single_snp_variants.csv,Franklin,HGMD_Clinvar_HL,1948,1009,474,472,False
Results/Franklin/merged_HGMD_Clinvar_HL_hg19_notvus_last_single_snp_variants.csv,Franklin,HGMD_Clinvar_Cancer,1788,0,1157,1156,False
Results/Franklin/merged_all_clingen_28012026_hg19_last_single_snp_variants.csv,Franklin,clingen_28012026,11409,9100,0,0,True
Results/Franklin/merged_all_clingen_28012026_hg19_last_single_snp_variants.csv,Franklin,HGMD_Clinvar_HL,1948,0,1483,1480,False
Results/Franklin/merged_all_clingen_28012026_hg19_last_single_snp_variants.csv,Franklin,HGMD_Clinvar_Cancer,1788,0,1157,1156,False
Results/Franklin/merged_clingen_28012026_hg19_notvus_last_single_snp_variants.csv,Franklin,clingen_28012026,11409,6013,3087,3078,False
Results/Franklin/merged_clingen_28012026_hg19_notvus_last_single_snp_variants.csv,Franklin,HGMD_Clinvar_HL,1948,0,1483,1480,False
Results/Franklin/merged_clingen_28012026_hg19_notvus_last_single_snp_variants.csv,Franklin,HGMD_Clinvar_Cancer,1788,0,1157,1156,False
Results/Franklin/merged_clingen_cancerpredisposition_hg19_28012026_last_single_snp_variants.csv,Franklin,clingen_28012026,11409,2000,7100,7096,False
Results/Franklin/merged_clingen_cancerpredisposition_hg19_28012026_last_single_snp_variants.csv,Franklin,HGMD_Clinvar_HL,1948,0,1483,1480,False
Results/Franklin/merged_clingen_cancerpredisposition_hg19_28012026_last_single_snp_variants.csv,Franklin,HGMD_Clinvar_Cancer,1788,0,1157,1156,False
Results/Franklin/merged_clingen_cancerpredisposition_hg19_28012026_notvus_last_single_snp_variants.csv,Franklin,clingen_28012026,11409,962,8138,8129,False
Results/Franklin/merged_clingen_cancerpredisposition_hg19_28012026_notvus_last_single_snp_variants.csv,Franklin,HGMD_Clinvar_HL,1948,0,1483,1480,False
Results/Franklin/merged_clingen_cancerpredisposition_hg19_28012026_notvus_last_single_snp_variants.csv,Franklin,HGMD_Clinvar_Cancer,1788,0,1157,1156,False
Results/Franklin/merged_variants-clingen_hearing_loss_hg19_28012026_last.csv,Franklin,clingen_28012026,11409,191,8909,8899,False
Results/Franklin/merged_variants-clingen_hearing_loss_hg19_28012026_last.csv,Franklin,HGMD_Clinvar_HL,1948,0,1483,1480,False
Results/Franklin/merged_variants-clingen_hearing_loss_hg19_28012026_last.csv,Franklin,HGMD_Clinvar_Cancer,1788,0,1157,1156,False
Results/Franklin/merged_variants-clingen_hl_notvus.csv,Franklin,clingen_28012026,11409,145,8955,8945,False
Results/Franklin/merged_variants-clingen_hl_notvus.csv,Franklin,HGMD_Clinvar_HL,1948,0,1483,1480,False
Results/Franklin/merged_variants-clingen_hl_notvus.csv,Franklin,HGMD_Clinvar_Cancer,1788,0,1157,1156,False
Results/AutoGVP/HGMD_Clinvar_Cancer_hg38_FINAL_CLEAN-autogvp-annotated-full_acmg_criteria_parsed.tsv,AutoGVP,clingen_28012026,11409,211,9592,9486,False
Results/AutoGVP/HGMD_Clinvar_Cancer_hg38_FINAL_CLEAN-autogvp-annotated-full_acmg_criteria_parsed.tsv,AutoGVP,HGMD_Clinvar_HL,1948,0,1830,1823,False
Results/AutoGVP/HGMD_Clinvar_Cancer_hg38_FINAL_CLEAN-autogvp-annotated-full_acmg_criteria_parsed.tsv,AutoGVP,HGMD_Clinvar_Cancer,1788,1671,0,0,True
Results/AutoGVP/HGMD_Clinvar_Cancer_hg38_notvus_FINAL_CLEAN-autogvp-annotated-full_acmg_criteria_parsed.tsv,AutoGVP,clingen_28012026,11409,38,9765,9659,False
Results/AutoGVP/HGMD_Clinvar_Cancer_hg38_notvus_FINAL_CLEAN-autogvp-annotated-full_acmg_criteria_parsed.tsv,AutoGVP,HGMD_Clinvar_HL,1948,0,1830,1823,False
Results/AutoGVP/HGMD_Clinvar_Cancer_hg38_notvus_FINAL_CLEAN-autogvp-annotated-full_acmg_criteria_parsed.tsv,AutoGVP,HGMD_Clinvar_Cancer,1788,1372,299,291,False
Results/AutoGVP/HGMD_Clinvar_HL_hg38_FINAL_CLEAN-autogvp-annotated-full_acmg_criteria_parsed.tsv,AutoGVP,clingen_28012026,11409,43,9760,9654,False
Results/AutoGVP/HGMD_Clinvar_HL_hg38_FINAL_CLEAN-autogvp-annotated-full_acmg_criteria_parsed.tsv,AutoGVP,HGMD_Clinvar_HL,1948,1830,0,0,True
Results/AutoGVP/HGMD_Clinvar_HL_hg38_FINAL_CLEAN-autogvp-annotated-full_acmg_criteria_parsed.tsv,AutoGVP,HGMD_Clinvar_Cancer,1788,0,1671,1661,False
Results/AutoGVP/HGMD_Clinvar_HL_hg38_notvus_FINAL_CLEAN-autogvp-annotated-full_acmg_criteria_parsed.tsv,AutoGVP,clingen_28012026,11409,42,9761,9655,False
Results/AutoGVP/HGMD_Clinvar_HL_hg38_notvus_FINAL_CLEAN-autogvp-annotated-full_acmg_criteria_parsed.tsv,AutoGVP,HGMD_Clinvar_HL,1948,1357,473,473,False
Results/AutoGVP/HGMD_Clinvar_HL_hg38_notvus_FINAL_CLEAN-autogvp-annotated-full_acmg_criteria_parsed.tsv,AutoGVP,HGMD_Clinvar_Cancer,1788,0,1671,1661,False
Results/AutoGVP/clingen_28012026_hg38_FINAL_CLEAN-autogvp-annotated-full_acmg_criteria_parsed.tsv,AutoGVP,clingen_28012026,11409,9803,0,0,True
Results/AutoGVP/clingen_28012026_hg38_FINAL_CLEAN-autogvp-annotated-full_acmg_criteria_parsed.tsv,AutoGVP,HGMD_Clinvar_HL,1948,0,1830,1823,False
Results/AutoGVP/clingen_28012026_hg38_FINAL_CLEAN-autogvp-annotated-full_acmg_criteria_parsed.tsv,AutoGVP,HGMD_Clinvar_Cancer,1788,0,1671,1661,False
Results/AutoGVP/clingen_28012026_hg38_notvus_FINAL_CLEAN-autogvp-annotated-full_acmg_criteria_parsed.tsv,AutoGVP,clingen_28012026,11409,6476,3327,3291,False
Results/AutoGVP/clingen_28012026_hg38_notvus_FINAL_CLEAN-autogvp-annotated-full_acmg_criteria_parsed.tsv,AutoGVP,HGMD_Clinvar_HL,1948,0,1830,1823,False
Results/AutoGVP/clingen_28012026_hg38_notvus_FINAL_CLEAN-autogvp-annotated-full_acmg_criteria_parsed.tsv,AutoGVP,HGMD_Clinvar_Cancer,1788,0,1671,1661,False
Results/AutoGVP/clingen_cancerpredisposition_hg38_28012026_FINAL_CLEAN-autogvp-annotated-full_acmg_criteria_parsed.tsv,AutoGVP,clingen_28012026,11409,2493,7310,7258,False
Results/AutoGVP/clingen_cancerpredisposition_hg38_28012026_FINAL_CLEAN-autogvp-annotated-full_acmg_criteria_parsed.tsv,AutoGVP,HGMD_Clinvar_HL,1948,0,1830,1823,False
Results/AutoGVP/clingen_cancerpredisposition_hg38_28012026_FINAL_CLEAN-autogvp-annotated-full_acmg_criteria_parsed.tsv,AutoGVP,HGMD_Clinvar_Cancer,1788,0,1671,1661,False
Results/AutoGVP/clingen_cancerpredisposition_hg38_28012026_notvus_FINAL_CLEAN-autogvp-annotated-full_acmg_criteria_parsed.tsv,AutoGVP,clingen_28012026,11409,1325,8478,8411,False
Results/AutoGVP/clingen_cancerpredisposition_hg38_28012026_notvus_FINAL_CLEAN-autogvp-annotated-full_acmg_criteria_parsed.tsv,AutoGVP,HGMD_Clinvar_HL,1948,0,1830,1823,False
Results/AutoGVP/clingen_cancerpredisposition_hg38_28012026_notvus_FINAL_CLEAN-autogvp-annotated-full_acmg_criteria_parsed.tsv,AutoGVP,HGMD_Clinvar_Cancer,1788,0,1671,1661,False
Results/AutoGVP/clingen_hearing_loss_hg38_28012026_FINAL_CLEAN-autogvp-annotated-full_acmg_criteria_parsed.tsv,AutoGVP,clingen_28012026,11409,196,9607,9502,False
Results/AutoGVP/clingen_hearing_loss_hg38_28012026_FINAL_CLEAN-autogvp-annotated-full_acmg_criteria_parsed.tsv,AutoGVP,HGMD_Clinvar_HL,1948,0,1830,1823,False
Results/AutoGVP/clingen_hearing_loss_hg38_28012026_FINAL_CLEAN-autogvp-annotated-full_acmg_criteria_parsed.tsv,AutoGVP,HGMD_Clinvar_Cancer,1788,0,1671,1661,False
Results/AutoGVP/clingen_hearing_loss_hg38_28012026_notvus_FINAL_CLEAN-autogvp-annotated-full_acmg_criteria_parsed.tsv,AutoGVP,clingen_28012026,11409,147,9656,9550,False
Results/AutoGVP/clingen_hearing_loss_hg38_28012026_notvus_FINAL_CLEAN-autogvp-annotated-full_acmg_criteria_parsed.tsv,AutoGVP,HGMD_Clinvar_HL,1948,0,1830,1823,False
Results/AutoGVP/clingen_hearing_loss_hg38_28012026_notvus_FINAL_CLEAN-autogvp-annotated-full_acmg_criteria_parsed.tsv,AutoGVP,HGMD_Clinvar_Cancer,1788,0,1671,1661,False
Results/VIP-HL/HGMD_Clinvar_HL_hg19_notvus_viphl_results.tsv,VIP-HL,clingen_28012026,11409,42,162,160,False
Results/VIP-HL/HGMD_Clinvar_HL_hg19_notvus_viphl_results.tsv,VIP-HL,HGMD_Clinvar_HL,1948,1458,498,483,False
Results/VIP-HL/HGMD_Clinvar_HL_hg19_notvus_viphl_results.tsv,VIP-HL,HGMD_Clinvar_Cancer,1788,0,0,0,False
Results/VIP-HL/HGMD_Clinvar_HL_hg19_viphl_results.tsv,VIP-HL,clingen_28012026,11409,43,161,159,False
Results/VIP-HL/HGMD_Clinvar_HL_hg19_viphl_results.tsv,VIP-HL,HGMD_Clinvar_HL,1948,1948,0,0,True
Results/VIP-HL/HGMD_Clinvar_HL_hg19_viphl_results.tsv,VIP-HL,HGMD_Clinvar_Cancer,1788,0,0,0,False
Results/VIP-HL/clingen_hearing_loss_28012026_hg19_notvus_viphl_results_2.tsv,VIP-HL,clingen_28012026,11409,153,58,58,False
Results/VIP-HL/clingen_hearing_loss_28012026_hg19_notvus_viphl_results_2.tsv,VIP-HL,HGMD_Clinvar_HL,1948,0,1948,1926,False
Results/VIP-HL/clingen_hearing_loss_28012026_hg19_notvus_viphl_results_2.tsv,VIP-HL,HGMD_Clinvar_Cancer,1788,0,0,0,False
Results/VIP-HL/clingen_hearing_loss_28012026_hg19_viphl_results.tsv,VIP-HL,clingen_28012026,11409,202,0,0,True
Results/VIP-HL/clingen_hearing_loss_28012026_hg19_viphl_results.tsv,VIP-HL,HGMD_Clinvar_HL,1948,0,1948,1926,False
Results/VIP-HL/clingen_hearing_loss_28012026_hg19_viphl_results.tsv,VIP-HL,HGMD_Clinvar_Cancer,1788,0,0,0,False
Results/Cancer SIGVAR/HGMD_Clinvar_Cancer_hg19_CancerSIGVAR_input_formatted_Cancer_SIGVAR_Results.tsv,CancerSIGVAR,clingen_28012026,11409,21,910,890,False
Results/Cancer SIGVAR/HGMD_Clinvar_Cancer_hg19_CancerSIGVAR_input_formatted_Cancer_SIGVAR_Results.tsv,CancerSIGVAR,HGMD_Clinvar_HL,1948,0,0,0,False
Results/Cancer SIGVAR/HGMD_Clinvar_Cancer_hg19_CancerSIGVAR_input_formatted_Cancer_SIGVAR_Results.tsv,CancerSIGVAR,HGMD_Clinvar_Cancer,1788,1416,0,0,True
Results/Cancer SIGVAR/HGMD_Clinvar_Cancer_hg19_notvus_CancerSIGVAR_input_formatted_Cancer_SIGVAR_Results.tsv,CancerSIGVAR,clingen_28012026,11409,21,910,890,False
Results/Cancer SIGVAR/HGMD_Clinvar_Cancer_hg19_notvus_CancerSIGVAR_input_formatted_Cancer_SIGVAR_Results.tsv,CancerSIGVAR,HGMD_Clinvar_HL,1948,0,0,0,False
Results/Cancer SIGVAR/HGMD_Clinvar_Cancer_hg19_notvus_CancerSIGVAR_input_formatted_Cancer_SIGVAR_Results.tsv,CancerSIGVAR,HGMD_Clinvar_Cancer,1788,1416,2,2,False
Results/Cancer SIGVAR/clingen_cancerpredisposition_28012026_hg19_CancerSIGVAR_input_formatted_Cancer_SIGVAR_Results.tsv,CancerSIGVAR,clingen_28012026,11409,931,0,0,True
Results/Cancer SIGVAR/clingen_cancerpredisposition_28012026_hg19_CancerSIGVAR_input_formatted_Cancer_SIGVAR_Results.tsv,CancerSIGVAR,HGMD_Clinvar_HL,1948,0,0,0,False
Results/Cancer SIGVAR/clingen_cancerpredisposition_28012026_hg19_CancerSIGVAR_input_formatted_Cancer_SIGVAR_Results.tsv,CancerSIGVAR,HGMD_Clinvar_Cancer,1788,0,1416,1374,False
Results/Cancer SIGVAR/clingen_cancerpredisposition_28012026_hg19_notvus_CancerSIGVAR_input_formatted_Cancer_SIGVAR_Results.tsv,CancerSIGVAR,clingen_28012026,11409,751,184,184,False
Results/Cancer SIGVAR/clingen_cancerpredisposition_28012026_hg19_notvus_CancerSIGVAR_input_formatted_Cancer_SIGVAR_Results.tsv,CancerSIGVAR,HGMD_Clinvar_HL,1948,0,0,0,False
Results/Cancer SIGVAR/clingen_cancerpredisposition_28012026_hg19_notvus_CancerSIGVAR_input_formatted_Cancer_SIGVAR_Results.tsv,CancerSIGVAR,HGMD_Clinvar_Cancer,1788,0,1416,1374,False
Results/CPSR/HGMD_Clinvar_Cancer_hg38_grch38.cpsr.grch38.classification.tsv,CPSR,clingen_28012026,11409,21,3593,3593,False
Results/CPSR/HGMD_Clinvar_Cancer_hg38_grch38.cpsr.grch38.classification.tsv,CPSR,HGMD_Clinvar_HL,1948,0,140,140,False
Results/CPSR/HGMD_Clinvar_Cancer_hg38_grch38.cpsr.grch38.classification.tsv,CPSR,HGMD_Clinvar_Cancer,1788,1500,0,0,True
Results/CPSR/HGMD_Clinvar_Cancer_hg38_notvus_grch38.cpsr.grch38.classification.tsv,CPSR,clingen_28012026,11409,21,3593,3593,False
Results/CPSR/HGMD_Clinvar_Cancer_hg38_notvus_grch38.cpsr.grch38.classification.tsv,CPSR,HGMD_Clinvar_HL,1948,0,140,140,False
Results/CPSR/HGMD_Clinvar_Cancer_hg38_notvus_grch38.cpsr.grch38.classification.tsv,CPSR,HGMD_Clinvar_Cancer,1788,1432,68,68,False
Results/CPSR/HGMD_Clinvar_HL_hg38_grch38.cpsr.grch38.classification.tsv,CPSR,clingen_28012026,11409,0,3614,3614,False
Results/CPSR/HGMD_Clinvar_HL_hg38_grch38.cpsr.grch38.classification.tsv,CPSR,HGMD_Clinvar_HL,1948,140,0,0,True
Results/CPSR/HGMD_Clinvar_HL_hg38_grch38.cpsr.grch38.classification.tsv,CPSR,HGMD_Clinvar_Cancer,1788,0,1500,1500,False
Results/CPSR/HGMD_Clinvar_HL_hg38_notvus_grch38.cpsr.grch38.classification.tsv,CPSR,clingen_28012026,11409,0,3614,3614,False
Results/CPSR/HGMD_Clinvar_HL_hg38_notvus_grch38.cpsr.grch38.classification.tsv,CPSR,HGMD_Clinvar_HL,1948,140,0,0,True
Results/CPSR/HGMD_Clinvar_HL_hg38_notvus_grch38.cpsr.grch38.classification.tsv,CPSR,HGMD_Clinvar_Cancer,1788,0,1500,1500,False
Results/CPSR/clingen_28012026_hg38_grch38.cpsr.grch38.classification.tsv,CPSR,clingen_28012026,11409,3614,0,0,True
Results/CPSR/clingen_28012026_hg38_grch38.cpsr.grch38.classification.tsv,CPSR,HGMD_Clinvar_HL,1948,0,140,140,False
Results/CPSR/clingen_28012026_hg38_grch38.cpsr.grch38.classification.tsv,CPSR,HGMD_Clinvar_Cancer,1788,0,1500,1500,False
Results/CPSR/clingen_28012026_hg38_notvus_grch38.cpsr.grch38.classification.tsv,CPSR,clingen_28012026,11409,2315,1299,1299,False
Results/CPSR/clingen_28012026_hg38_notvus_grch38.cpsr.grch38.classification.tsv,CPSR,HGMD_Clinvar_HL,1948,0,140,140,False
Results/CPSR/clingen_28012026_hg38_notvus_grch38.cpsr.grch38.classification.tsv,CPSR,HGMD_Clinvar_Cancer,1788,0,1500,1500,False
Results/CPSR/clingen_cancerpred_grch38.cpsr.grch38.classification.tsv,CPSR,clingen_28012026,11409,2587,1027,1027,False
Results/CPSR/clingen_cancerpred_grch38.cpsr.grch38.classification.tsv,CPSR,HGMD_Clinvar_HL,1948,0,140,140,False
Results/CPSR/clingen_cancerpred_grch38.cpsr.grch38.classification.tsv,CPSR,HGMD_Clinvar_Cancer,1788,0,1500,1500,False
Results/CPSR/clingen_cancerpred_notvus_grch38.cpsr.grch38.classification.tsv,CPSR,clingen_28012026,11409,1522,2092,2092,False
Results/CPSR/clingen_cancerpred_notvus_grch38.cpsr.grch38.classification.tsv,CPSR,HGMD_Clinvar_HL,1948,0,140,140,False
Results/CPSR/clingen_cancerpred_notvus_grch38.cpsr.grch38.classification.tsv,CPSR,HGMD_Clinvar_Cancer,1788,0,1500,1500,False
Results/CPSR/clingen_hl_grch38.cpsr.grch38.classification.tsv,CPSR,clingen_28012026,11409,6,3608,3608,False
Results/CPSR/clingen_hl_grch38.cpsr.grch38.classification.tsv,CPSR,HGMD_Clinvar_HL,1948,0,140,140,False
Results/CPSR/clingen_hl_grch38.cpsr.grch38.classification.tsv,CPSR,HGMD_Clinvar_Cancer,1788,0,1500,1500,False
Results/CPSR/clingen_hl_notvus_grch38.cpsr.grch38.classification.tsv,CPSR,clingen_28012026,11409,5,3609,3609,False
Results/CPSR/clingen_hl_notvus_grch38.cpsr.grch38.classification.tsv,CPSR,HGMD_Clinvar_HL,1948,0,140,140,False
Results/CPSR/clingen_hl_notvus_grch38.cpsr.grch38.classification.tsv,CPSR,HGMD_Clinvar_Cancer,1788,0,1500,1500,False
datasets/foxl2/results/foxl2_hg19_franklin.csv,Franklin,foxl2,288,288,82,288,False
datasets/foxl2/results/foxl2_hg19_viphl.tsv,VIP-HL,foxl2,288,0,280,280,False
datasets/foxl2/results/foxl2_hg38_BIAS.tsv,BIAS,foxl2,288,218,70,70,False
datasets/foxl2/results/foxl2_hg38_CharGer_local_annotated_VEPv97_results.tsv,CharGer_Local,foxl2,288,130,130,130,False
datasets/foxl2/results/foxl2_hg38_CharGer_online_annotated_and_local_ClinVar_results.tsv,CharGer_Online,foxl2,288,130,130,130,False
datasets/foxl2/results/foxl2_hg38_DiabloACMG.tsv,DiabloACMG,foxl2,288,139,1,1,False
datasets/foxl2/results/foxl2_hg38_exomiser.tsv,Exomiser,foxl2,288,226,63,1,False
datasets/foxl2/results/foxl2_hg38_exomiser_withhpo.tsv,Exomiser,foxl2,288,226,63,1,False
datasets/foxl2/results/foxl2_hg38_genebe.vcf,Genebe,foxl2,288,218,70,70,False
datasets/foxl2/results/foxl2_hg38_intervar_20180118.txt,InterVar_2018,foxl2,288,218,70,0,False
datasets/foxl2/results/foxl2_hg38_intervar_20250721.txt,InterVar_2025,foxl2,288,218,70,0,False
datasets/foxl2/results/foxl2_hg38_tapes.csv,TAPES,foxl2,288,218,70,70,False
datasets/foxl2/results_fix/foxl2_hg19_franklin.csv,Franklin,foxl2,288,288,0,0,True
datasets/foxl2/results_fix/foxl2_hg19_viphl.tsv,VIP-HL,foxl2,288,288,8,0,False
datasets/foxl2/results_fix/foxl2_hg38_BIAS.tsv,BIAS,foxl2,288,288,0,0,True
datasets/foxl2/results_fix/foxl2_hg38_CharGer_local_annotated_VEPv97.tsv,CharGer_Local,foxl2,288,130,0,0,True
datasets/foxl2/results_fix/foxl2_hg38_CharGer_online.tsv,CharGer_Online,foxl2,288,130,0,0,True
datasets/foxl2/results_fix/foxl2_hg38_DiabloACMG.tsv,DiabloACMG,foxl2,288,140,0,0,True
datasets/foxl2/results_fix/foxl2_hg38_autogvp.tsv,AutoGVP,foxl2,288,130,0,0,True
datasets/foxl2/results_fix/foxl2_hg38_exomiser.tsv,Exomiser,foxl2,288,288,0,0,True
datasets/foxl2/results_fix/foxl2_hg38_genebe.vcf,Genebe,foxl2,288,288,0,0,True
datasets/foxl2/results_fix/foxl2_hg38_intervar_20180118.txt,InterVar_2018,foxl2,288,288,0,0,True
datasets/foxl2/results_fix/foxl2_hg38_intervar_20250721.txt,InterVar_2025,foxl2,288,288,0,0,True
datasets/foxl2/results_fix/foxl2_hg38_tapes.csv,TAPES,foxl2,288,288,0,0,True
