tool,dataset,rows,classification_mismatches,criteria_mismatches,comparison
AutoGVP,HGMD_Clinvar_Cancer,1788,0,0,five-tier classification; no-call encodings collapsed; canonical criterion sets
AutoGVP,HGMD_Clinvar_HL,1948,0,0,five-tier classification; no-call encodings collapsed; canonical criterion sets
AutoGVP,clingen_28012026,11409,0,0,five-tier classification; no-call encodings collapsed; canonical criterion sets
AutoGVP,foxl2,288,0,0,five-tier classification; no-call encodings collapsed; canonical criterion sets
BIAS,HGMD_Clinvar_Cancer,1788,0,0,five-tier classification; no-call encodings collapsed; canonical criterion sets
BIAS,HGMD_Clinvar_HL,1948,0,0,five-tier classification; no-call encodings collapsed; canonical criterion sets
BIAS,clingen_28012026,11409,0,0,five-tier classification; no-call encodings collapsed; canonical criterion sets
BIAS,foxl2,288,0,0,five-tier classification; no-call encodings collapsed; canonical criterion sets
CPSR,HGMD_Clinvar_Cancer,1788,0,0,five-tier classification; no-call encodings collapsed; canonical criterion sets
CPSR,HGMD_Clinvar_HL,1948,0,0,five-tier classification; no-call encodings collapsed; canonical criterion sets
CPSR,clingen_28012026,11409,0,0,five-tier classification; no-call encodings collapsed; canonical criterion sets
CancerSIGVAR,HGMD_Clinvar_Cancer,1788,0,0,five-tier classification; no-call encodings collapsed; canonical criterion sets
CancerSIGVAR,clingen_28012026,11409,0,0,five-tier classification; no-call encodings collapsed; canonical criterion sets
CharGer_Local,HGMD_Clinvar_Cancer,1788,0,0,five-tier classification; no-call encodings collapsed; canonical criterion sets
CharGer_Local,HGMD_Clinvar_HL,1948,0,0,five-tier classification; no-call encodings collapsed; canonical criterion sets
CharGer_Local,clingen_28012026,11409,0,0,five-tier classification; no-call encodings collapsed; canonical criterion sets
CharGer_Local,foxl2,288,0,0,five-tier classification; no-call encodings collapsed; canonical criterion sets
CharGer_Online,HGMD_Clinvar_Cancer,1788,0,0,five-tier classification; no-call encodings collapsed; canonical criterion sets
CharGer_Online,HGMD_Clinvar_HL,1948,0,0,five-tier classification; no-call encodings collapsed; canonical criterion sets
CharGer_Online,clingen_28012026,11409,0,0,five-tier classification; no-call encodings collapsed; canonical criterion sets
CharGer_Online,foxl2,288,0,0,five-tier classification; no-call encodings collapsed; canonical criterion sets
DiabloACMG,HGMD_Clinvar_Cancer,1788,0,0,five-tier classification; no-call encodings collapsed; canonical criterion sets
DiabloACMG,HGMD_Clinvar_HL,1948,0,0,five-tier classification; no-call encodings collapsed; canonical criterion sets
DiabloACMG,clingen_28012026,11409,0,0,five-tier classification; no-call encodings collapsed; canonical criterion sets
DiabloACMG,foxl2,288,0,0,five-tier classification; no-call encodings collapsed; canonical criterion sets
Exomiser,HGMD_Clinvar_Cancer,1788,0,0,five-tier classification; no-call encodings collapsed; canonical criterion sets
Exomiser,HGMD_Clinvar_HL,1948,0,0,five-tier classification; no-call encodings collapsed; canonical criterion sets
Exomiser,clingen_28012026,11409,0,0,five-tier classification; no-call encodings collapsed; canonical criterion sets
Exomiser,foxl2,288,0,0,five-tier classification; no-call encodings collapsed; canonical criterion sets
Franklin,HGMD_Clinvar_Cancer,1788,0,0,five-tier classification; no-call encodings collapsed; canonical criterion sets
Franklin,HGMD_Clinvar_HL,1948,0,0,five-tier classification; no-call encodings collapsed; canonical criterion sets
Franklin,clingen_28012026,11409,0,0,five-tier classification; no-call encodings collapsed; canonical criterion sets
Franklin,foxl2,288,0,0,five-tier classification; no-call encodings collapsed; canonical criterion sets
Genebe,HGMD_Clinvar_Cancer,1788,0,0,five-tier classification; no-call encodings collapsed; canonical criterion sets
Genebe,HGMD_Clinvar_HL,1948,0,0,five-tier classification; no-call encodings collapsed; canonical criterion sets
Genebe,clingen_28012026,11409,0,0,five-tier classification; no-call encodings collapsed; canonical criterion sets
Genebe,foxl2,288,0,0,five-tier classification; no-call encodings collapsed; canonical criterion sets
InterVar_2018,HGMD_Clinvar_Cancer,1788,0,0,five-tier classification; no-call encodings collapsed; canonical criterion sets
InterVar_2018,HGMD_Clinvar_HL,1948,0,0,five-tier classification; no-call encodings collapsed; canonical criterion sets
InterVar_2018,clingen_28012026,11409,0,0,five-tier classification; no-call encodings collapsed; canonical criterion sets
InterVar_2018,foxl2,288,0,0,five-tier classification; no-call encodings collapsed; canonical criterion sets
InterVar_2025,HGMD_Clinvar_Cancer,1788,0,0,five-tier classification; no-call encodings collapsed; canonical criterion sets
InterVar_2025,HGMD_Clinvar_HL,1948,0,0,five-tier classification; no-call encodings collapsed; canonical criterion sets
InterVar_2025,clingen_28012026,11409,0,0,five-tier classification; no-call encodings collapsed; canonical criterion sets
InterVar_2025,foxl2,288,0,0,five-tier classification; no-call encodings collapsed; canonical criterion sets
TAPES,HGMD_Clinvar_Cancer,1788,0,0,five-tier classification; no-call encodings collapsed; canonical criterion sets
TAPES,HGMD_Clinvar_HL,1948,0,0,five-tier classification; no-call encodings collapsed; canonical criterion sets
TAPES,clingen_28012026,11409,0,0,five-tier classification; no-call encodings collapsed; canonical criterion sets
TAPES,foxl2,288,0,0,five-tier classification; no-call encodings collapsed; canonical criterion sets
VIP-HL,HGMD_Clinvar_HL,1948,0,0,five-tier classification; no-call encodings collapsed; canonical criterion sets
VIP-HL,clingen_28012026,11409,0,0,five-tier classification; no-call encodings collapsed; canonical criterion sets
VIP-HL,foxl2,288,0,0,five-tier classification; no-call encodings collapsed; canonical criterion sets
