Tool,PVS1,PS1,PS2,PS3,PS4,PM1,PM2,PM3,PM4,PM5,PM6,PP1,PP2,PP3,PP4,PP5,BA1,BS1,BS2,BS3,BS4,BP1,BP2,BP3,BP4,BP5,BP6,BP7,Mean_Criterion_Jaccard,Total_Criterion_Jaccard,Accuracy_3class
AutoGVP,0.4495230524642289,0.0457516339869281,0.0,0.0,0.0,0.1860716213784416,0.6432618373128288,0.0,0.0669856459330143,0.1031227305737109,0.0,0.0,0.0326018808777429,0.5560568086883876,0.0,0.0,0.1791044776119403,0.0354978354978355,0.0,0.0,0.0,0.0177536231884057,0.0,0.0,0.3487490523123578,0.0,0.0,0.4925606891151135,0.3195906271070027,0.29332,0.8425804189674818
BIAS,0.7864768683274022,0.0125628140703517,0.0,0.2633333333333333,0.0626081938834391,0.1656784094872689,0.802184330770088,0.0,0.0696864111498257,0.1986899563318777,0.0,0.0,0.3975155279503105,0.7364564831261101,0.0,0.0,0.4962121212121212,0.2639503985828166,0.1448703494926719,0.0,0.0,0.0361757105943152,0.0,0.0,0.3231197771587744,0.0,0.0,0.5600277585010409,0.3926253642154794,0.342957,0.717503725129284
CPSR,0.2534562211981567,0.0144927536231884,0.0,0.0,0.0,0.0600144613159797,0.2709700093720712,0.0,0.0221238938053097,0.0317208564631245,0.1382575757575757,0.0,0.0988857938718663,0.128513030148186,0.0,0.0,0.115079365079365,0.1443624868282402,0.0,0.0,0.0,0.1147540983606557,0.0,0.0,0.0455776173285198,0.0,0.0,0.3655737704918033,0.4381692130404074,0.400333,0.2434043299149794
CancerSIGVAR,0.101002004008016,0.0275862068965517,0.0,0.0,0.0,0.0,0.0811955168119551,0.0,0.013953488372093,0.0176282051282051,0.0,0.0,0.0,0.0410035068788778,0.0,0.0,0.0129353233830845,0.0043041606886657,0.0,0.0,0.0,0.0,0.0944206008583691,0.0,0.0249886415265788,0.0,0.0,0.0348101265822784,0.4402892246642247,0.389916,0.0452274520115698
CharGer_Local,0.0,0.0,0.0,0.0,0.0,0.0,0.6362472927741681,0.0,0.0,0.0,0.0,0.0,0.0,0.2126504602312957,0.0,0.0,0.1661691542288557,0.0,0.0,0.0,0.0,0.0,0.0,0.0,0.203384207033842,0.0,0.0,0.0,0.4329255906381098,0.370221,0.3066877026908581
CharGer_Online,0.0,0.0236886632825719,0.0,0.0,0.0,0.0,0.5891034985422741,0.0,0.0,0.0,0.0,0.0,0.0,0.0089086859688195,0.0,0.0,0.0,0.0,0.0,0.0,0.0,0.0,0.0,0.0,0.0196420776953295,0.0,0.0,0.0,0.3385324500533114,0.248027,0.404154614777807
DiabloACMG,0.4497816593886463,0.0211780277961614,0.0,0.2353364519611371,0.0,0.1746886570178391,0.6193901035673187,0.0,0.0669856459330143,0.1324324324324324,0.0,0.0,0.0326018808777429,0.5464746273656004,0.0,0.0,0.1651741293532338,0.0,0.0517766497461928,0.0751295336787564,0.0,0.0178052325581395,0.0,0.0,0.3912466843501326,0.0,0.0,0.4992050874403815,0.3152665526487868,0.291069,0.7499342624244018
Exomiser,0.0068382944489139,0.0,0.0,0.0,0.0,0.0030234315948601,0.0088686177625744,0.0,0.0196078431372549,0.0032840722495894,0.0,0.0,0.0,0.0100953449242849,0.0,0.0,0.0,0.0,0.0,0.0,0.0,0.0,0.0,0.0,0.0004640371229698,0.0,0.0,0.0,0.3093426501035196,0.268398,0.0073626084669997
Franklin,0.6861861861861862,0.2411575562700964,0.6684491978609626,0.682,0.6231633535004322,0.3015299026425591,0.7134682632192434,0.6001694197373995,0.1390977443609022,0.3480303577882183,0.6382113821138211,0.6051873198847262,0.1541816316059517,0.788135593220339,0.5337586390217969,0.0,0.1735776277724204,0.136144578313253,0.4512922465208747,0.6950819672131148,0.5483870967741935,0.0,0.3649289099526066,0.0,0.2177662785683484,0.5043859649122807,0.0,0.0619658119658119,0.5462999871120676,0.54883,0.4796213515645543
Genebe,0.8374864572047671,0.6139240506329114,0.783625730994152,0.8331108144192256,0.7653846153846153,0.6802646085997794,0.9439009287925696,0.6484162895927602,0.1580756013745704,0.6696675900277008,0.7866108786610879,0.7330827067669173,0.6301775147928994,0.9245683930942896,0.6834972096731331,0.0,0.8579940417080437,0.7638121546961326,0.7644287396937574,0.8678571428571429,0.9333333333333332,0.9411764705882352,0.8862559241706162,0.0,0.8713921901528013,0.8333333333333334,0.0,0.8862212943632568,0.9102208711184392,0.87207,0.9396967306512404
InterVar_2018,0.2103990326481257,0.0279720279720279,0.0,0.0,0.0,0.2161035541904344,0.4984533333333333,0.0,0.0576923076923076,0.0451248992747784,0.0,0.0,0.0453230472516875,0.5414821944177093,0.0,0.0,0.1034825870646766,0.0569498069498069,0.0,0.0,0.0,0.0455958549222797,0.0,0.0,0.3022084463386284,0.0,0.0,0.4136807817589576,0.4268826800900201,0.387874,0.3804890875624507
InterVar_2025,0.4499205087440381,0.0457516339869281,0.0,0.0,0.0,0.1861386138613861,0.0520167240531234,0.0,0.0669856459330143,0.1031227305737109,0.0,0.0,0.0326018808777429,0.5563922356091031,0.0,0.0,0.1373134328358209,0.0595734816875289,0.0,0.0,0.0,0.0177536231884057,0.0,0.0,0.3483699772554965,0.0,0.0,0.4925606891151135,0.2242857142857142,0.209552,0.4213340345341397
TAPES,0.5168880455407969,0.0070921985815602,0.0,0.0314905528341497,0.0,0.2217606330365974,0.7753784056508577,0.0,0.0625,0.0,0.0,0.0,0.0,0.5531234214514228,0.0,0.0,0.1699801192842942,0.0835266821345707,0.0014144271570014,0.0082474226804123,0.0,0.0,0.0,0.0,0.193069306930693,0.0,0.0,0.0,0.4075740055504163,0.367134,0.5197650977298623
VIP-HL,0.0092816787732041,0.0,0.0,0.0,0.0,0.0015209125475285,0.0099596570852244,0.0,0.0,0.0107260726072607,0.0,0.0,0.0,0.0204826038159371,0.0,0.0,0.025844930417495,0.0582089552238805,0.0,0.0,0.0,0.0,0.0,0.0,0.0083256244218316,0.0,0.0,0.0042689434364994,0.6195075757575758,0.554545,0.0099921114909282
