,PVS1,PS1,PS2,PS3,PS4,PM1,PM2,PM3,PM4,PM5,PM6,PP1,PP2,PP3,PP4,PP5,BA1,BS1,BS2,BS3,BS4,BP1,BP2,BP3,BP4,BP5,BP6,BP7,Mean_Criterion_Jaccard,Total_Criterion_Jaccard,Accuracy_3class
PVS1,1.0,0.6009215127576378,0.6030163159856043,0.745664738579134,0.6356613601585613,0.8158109999497665,0.653600763783209,0.600351539727256,0.8972617010441528,0.7728923098511643,0.59582269783613,0.6037553581020753,0.7471764077622238,0.9326335601737361,0.6045857949608229,,0.7815712716023752,0.676504297604231,0.6874681824328507,0.6169126425995126,0.6013046614761678,0.49058027508066215,0.5645936126122797,,0.7501126950501361,0.6021660552486952,,0.6874658229495982,0.3279653520377975,0.4071026319004768,0.799845443880058
PS1,0.6009215127576378,1.0,0.9277488643983172,0.8852305911285969,0.9339414180151049,0.8903554351377084,0.4746716221270229,0.9110182840739067,0.7940731562835697,0.9507136940495673,0.9270977335422075,0.9339091254679612,0.8108717516057828,0.6020671463079464,0.9436247187897691,,0.8009400461971619,0.8967907474987775,0.9633085015511993,0.9374932204237684,0.9791188631016525,0.9158358931384205,0.9919366111441841,,0.7737686247032683,0.9764768494217626,,0.54809408540777,0.8093365196170611,0.8433991118332876,0.515119917025296
PS2,0.6030163159856043,0.9277488643983172,1.0,0.9463291283971137,0.9975013927727397,0.8047048406350723,0.4719674013084767,0.9990430297001116,0.8257352780669005,0.9101166076153258,0.9894875318596639,0.9998487032253423,0.7025415037747862,0.6049568662144709,0.9989129916907766,,0.6550232614753883,0.7553182793413936,0.966336714151123,0.996957760175112,0.9823591384630228,0.7186096180106435,0.9371878310229107,,0.6078002837215435,0.9848750479351502,,0.33948198253696316,0.7621786690945538,0.8143469270733172,0.4123126108952699
PS3,0.745664738579134,0.8852305911285969,0.9463291283971137,1.0,0.9598383848319609,0.8286612191017945,0.5878097235257942,0.9442461217795481,0.8744301906325894,0.9504543836903003,0.9305451324526777,0.9466542002554565,0.8031522113612161,0.718777500657221,0.9465552658767243,,0.7621621727696385,0.7863611143316228,0.9708135924589711,0.9583958500530265,0.9346690760001224,0.7014739983088947,0.8911726557048032,,0.6915067706997715,0.9366801384403451,,0.46805631974565715,0.7050251435017549,0.759435028252909,0.5607567218413733
PS4,0.6356613601585613,0.9339414180151049,0.9975013927727397,0.9598383848319609,1.0,0.8180327905556053,0.4960307848971818,0.9954320595944655,0.8364072106402869,0.9292944952239764,0.9868815484559259,0.9977938091452723,0.7474476160139091,0.6286657290804071,0.9976051433191813,,0.6971843589586671,0.7868767810797009,0.9795386194192992,0.9948749737207663,0.9846707817031642,0.7354347874774496,0.9427483320524331,,0.6304610233740582,0.9868302650905652,,0.373106220935035,0.7698399557970846,0.820019980152318,0.43893761616468696
PM1,0.8158109999497665,0.8903554351377084,0.8047048406350723,0.8286612191017945,0.8180327905556053,1.0,0.6222525326612862,0.7891397226963057,0.928355361586034,0.9122377910250703,0.7964931878778313,0.8104670448303632,0.7938567390161169,0.8587525389658512,0.819597850693073,,0.8483914677944722,0.8551260042393121,0.8661723390758895,0.8235064357878104,0.8537659056444009,0.8218474205615306,0.8508702895317587,,0.9093637509718123,0.8511434068222585,,0.7177530656589293,0.6346678499230779,0.6958662452210992,0.737199500645073
PM2,0.653600763783209,0.4746716221270229,0.4719674013084767,0.5878097235257942,0.4960307848971818,0.6222525326612862,1.0,0.4671774862982067,0.596847248283236,0.5534846791295465,0.45149841099407195,0.47362130878482944,0.5607734447997977,0.7077227211473526,0.47607784128002134,,0.6614804708518446,0.5019116807057268,0.5448298273617134,0.4891788852950587,0.4821898687567331,0.40930717956233675,0.4452616700161309,,0.6233310812656322,0.4820146668836002,,0.3905890673528868,0.3334484507071628,0.3435604975356931,0.8239476040668704
PM3,0.600351539727256,0.9110182840739067,0.9990430297001116,0.9442461217795481,0.9954320595944655,0.7891397226963057,0.4671774862982067,1.0,0.8247175598190656,0.8978333132305188,0.9873117191319187,0.9981310721021341,0.6824543942183363,0.6029855637276521,0.9959182660698654,,0.6312397625431747,0.7305767246121022,0.9571485233207292,0.9945017656574844,0.9732398398238751,0.687992097714845,0.9216899887282938,,0.5853027868428645,0.9763542151741749,,0.3161001762161503,0.7457842050262933,0.8002138092335349,0.4003255966990868
PM4,0.8972617010441528,0.7940731562835697,0.8257352780669005,0.8744301906325894,0.8364072106402869,0.928355361586034,0.596847248283236,0.8247175598190656,1.0,0.8877892331237438,0.8045964552962341,0.8257008288265413,0.7108081154165339,0.9202477088104203,0.8250801688578102,,0.7318659517518453,0.706102716713766,0.8422338711902848,0.8368696792241785,0.8121413415714394,0.6093132020896849,0.7617463350807131,,0.8009260421388924,0.8141473554961747,,0.6282260006043607,0.4771107711979404,0.5683267697642218,0.7180546672375392
PM5,0.7728923098511643,0.9507136940495673,0.9101166076153258,0.9504543836903003,0.9292944952239764,0.9122377910250703,0.5534846791295465,0.8978333132305188,0.8877892331237438,1.0,0.9030184993652863,0.914517571468138,0.8898792781479113,0.7543597059804715,0.9212899410332459,,0.8727378193106928,0.8963478857343613,0.9741234838165603,0.9242277242067316,0.9428552582993885,0.8416171307901302,0.9343749665951728,,0.8337170771133355,0.9415604584745514,,0.6664982164551497,0.7222715906534145,0.7735480890351863,0.6463384378950572
PM6,0.59582269783613,0.9270977335422075,0.9894875318596639,0.9305451324526777,0.9868815484559259,0.7964931878778313,0.45149841099407195,0.9873117191319187,0.8045964552962341,0.9030184993652863,1.0,0.989826557332392,0.7177080379391395,0.5742116630429847,0.9897216467502893,,0.6601795814832417,0.7802649449795925,0.9584962912093757,0.9864366553697449,0.9772863387683096,0.7458235687833218,0.9354102172806386,,0.591015412229778,0.9793898063905924,,0.368620501403961,0.776235140879026,0.8281058705447578,0.39580184982050276
PP1,0.6037553581020753,0.9339091254679612,0.9998487032253423,0.9466542002554565,0.9977938091452723,0.8104670448303632,0.47362130878482944,0.9981310721021341,0.8257008288265413,0.914517571468138,0.989826557332392,1.0,0.7101564325470278,0.6054190832479914,0.9995726837269239,,0.664133509968043,0.7647561993599763,0.9694768599232821,0.9974042400300596,0.9854633639335769,0.7304039208194546,0.9428528145717137,,0.616424209162787,0.9877399267225562,,0.3486003094195105,0.7682933212487638,0.8195344996408813,0.41686051761970666
PP2,0.7471764077622238,0.8108717516057828,0.7025415037747862,0.8031522113612161,0.7474476160139091,0.7938567390161169,0.5607734447997977,0.6824543942183363,0.7108081154165339,0.8898792781479113,0.7177080379391395,0.7101564325470278,1.0,0.6655690242017877,0.7224690485954285,,0.9565328543300683,0.9537834737810941,0.851644143275473,0.7127408904743227,0.7731567724395475,0.8356256282450348,0.7981905121443202,,0.7640068849421434,0.7688261919055074,,0.7184592518584976,0.6899019284913154,0.7067373594387025,0.6056044195646326
PP3,0.9326335601737361,0.6020671463079464,0.6049568662144709,0.718777500657221,0.6286657290804071,0.8587525389658512,0.7077227211473526,0.6029855637276521,0.9202477088104203,0.7543597059804715,0.5742116630429847,0.6054190832479914,0.6655690242017877,1.0,0.6057831908383654,,0.7472101866050872,0.6101297375491626,0.665833180262024,0.6197703780575923,0.6002380654326039,0.4701345833208772,0.5515630369671151,,0.8373241232433797,0.6013227421155085,,0.6925617180354049,0.3097570235242193,0.39327330990012344,0.8315093302609216
PP4,0.6045857949608229,0.9436247187897691,0.9989129916907766,0.9465552658767243,0.9976051433191813,0.819597850693073,0.47607784128002134,0.9959182660698654,0.8250801688578102,0.9212899410332459,0.9897216467502893,0.9995726837269239,0.7224690485954285,0.6057831908383654,1.0,,0.6789903286316054,0.7800950781581277,0.9740930083491799,0.9974747382711215,0.9900082536401319,0.7497260357314216,0.9517300148079804,,0.6304962951497145,0.9918810506742171,,0.36368576008016434,0.7780451483197387,0.8276934761303061,0.42421900564626536
PP5,,,,,,,,,,,,,,,,,,,,,,,,,,,,,,,
BA1,0.7815712716023752,0.8009400461971619,0.6550232614753883,0.7621621727696385,0.6971843589586671,0.8483914677944722,0.6614804708518446,0.6312397625431747,0.7318659517518453,0.8727378193106928,0.6601795814832417,0.664133509968043,0.9565328543300683,0.7472101866050872,0.6789903286316054,,1.0,0.937140135696925,0.8136918454452011,0.6746181530889772,0.7424752697142565,0.8487747341063643,0.7755863555791254,,0.878547300968485,0.7368498332340889,,0.761450332757865,0.6525393297064614,0.6736908735416601,0.7292706906328777
BS1,0.676504297604231,0.8967907474987775,0.7553182793413936,0.7863611143316228,0.7868767810797009,0.8551260042393121,0.5019116807057268,0.7305767246121022,0.706102716713766,0.8963478857343613,0.7802649449795925,0.7647561993599763,0.9537834737810941,0.6101297375491626,0.7800950781581277,,0.937140135696925,1.0,0.8786263121848976,0.7661995569955576,0.8446868375882711,0.9427070301381678,0.8832497733322828,,0.7817172702918486,0.8390429594908482,,0.6807034987822066,0.8024250104442726,0.8170162339018257,0.5479516882944703
BS2,0.6874681824328507,0.9633085015511993,0.966336714151123,0.9708135924589711,0.9795386194192992,0.8661723390758895,0.5448298273617134,0.9571485233207292,0.8422338711902848,0.9741234838165603,0.9584962912093757,0.9694768599232821,0.851644143275473,0.665833180262024,0.9740930083491799,,0.8136918454452011,0.8786263121848976,1.0,0.9729002886598852,0.9846203329888732,0.8264866692227903,0.9665761384230549,,0.7270270252396094,0.9844560363250213,,0.49709362394668427,0.7977394976653169,0.8390541076854774,0.5236262975929016
BS3,0.6169126425995126,0.9374932204237684,0.996957760175112,0.9583958500530265,0.9948749737207663,0.8235064357878104,0.4891788852950587,0.9945017656574844,0.8368696792241785,0.9242277242067316,0.9864366553697449,0.9974042400300596,0.7127408904743227,0.6197703780575923,0.9974747382711215,,0.6746181530889772,0.7661995569955576,0.9729002886598852,1.0,0.9857921487810526,0.739487403689796,0.9450829215930238,,0.6413681274528562,0.9878286522346448,,0.3729097744887967,0.7635673344067175,0.8163599461997237,0.4456129557130938
BS4,0.6013046614761678,0.9791188631016525,0.9823591384630228,0.9346690760001224,0.9846707817031642,0.8537659056444009,0.4821898687567331,0.9732398398238751,0.8121413415714394,0.9428552582993885,0.9772863387683096,0.9854633639335769,0.7731567724395475,0.6002380654326039,0.9900082536401319,,0.7424752697142565,0.8446868375882711,0.9846203329888732,0.9857921487810526,1.0,0.8338988580987624,0.9830820798980054,,0.6907802111982041,0.9999024690998588,,0.4320740157543837,0.8157098317407967,0.8570758754342326,0.454602992095238
BP1,0.49058027508066215,0.9158358931384205,0.7186096180106435,0.7014739983088947,0.7354347874774496,0.8218474205615306,0.40930717956233675,0.687992097714845,0.6093132020896849,0.8416171307901302,0.7458235687833218,0.7304039208194546,0.8356256282450348,0.4701345833208772,0.7497260357314216,,0.8487747341063643,0.9427070301381678,0.8264866692227903,0.739487403689796,0.8338988580987624,1.0,0.8994518321322746,,0.7850401095317637,0.8263059728681357,,0.6554945974003545,0.7966275167408086,0.8019633094499576,0.4881866311865869
BP2,0.5645936126122797,0.9919366111441841,0.9371878310229107,0.8911726557048032,0.9427483320524331,0.8508702895317587,0.4452616700161309,0.9216899887282938,0.7617463350807131,0.9343749665951728,0.9354102172806386,0.9428528145717137,0.7981905121443202,0.5515630369671151,0.9517300148079804,,0.7755863555791254,0.8832497733322828,0.9665761384230549,0.9450829215930238,0.9830820798980054,0.8994518321322746,1.0,,0.7168428447520361,0.9808538491152432,,0.4736629128914659,0.8427974250453998,0.8731189068357103,0.44162929194037814
BP3,,,,,,,,,,,,,,,,,,,,,,,,,,,,,,,
BP4,0.7501126950501361,0.7737686247032683,0.6078002837215435,0.6915067706997715,0.6304610233740582,0.9093637509718123,0.6233310812656322,0.5853027868428645,0.8009260421388924,0.8337170771133355,0.591015412229778,0.616424209162787,0.7640068849421434,0.8373241232433797,0.6304962951497145,,0.878547300968485,0.7817172702918486,0.7270270252396094,0.6413681274528562,0.6907802111982041,0.7850401095317637,0.7168428447520361,,1.0,0.685425699831323,,0.8505762378856346,0.4856652843262521,0.5346762237141667,0.8310533288819586
BP5,0.6021660552486952,0.9764768494217626,0.9848750479351502,0.9366801384403451,0.9868302650905652,0.8511434068222585,0.4820146668836002,0.9763542151741749,0.8141473554961747,0.9415604584745514,0.9793898063905924,0.9877399267225562,0.7688261919055074,0.6013227421155085,0.9918810506742171,,0.7368498332340889,0.8390429594908482,0.9844560363250213,0.9878286522346448,0.9999024690998588,0.8263059728681357,0.9808538491152432,,0.685425699831323,1.0,,0.4256860304597283,0.8127070640388216,0.854930319022292,0.4519991926977541
BP6,,,,,,,,,,,,,,,,,,,,,,,,,,,,,,,
BP7,0.6874658229495982,0.54809408540777,0.33948198253696316,0.46805631974565715,0.373106220935035,0.7177530656589293,0.3905890673528868,0.3161001762161503,0.6282260006043607,0.6664982164551497,0.368620501403961,0.3486003094195105,0.7184592518584976,0.6925617180354049,0.36368576008016434,,0.761450332757865,0.6807034987822066,0.49709362394668427,0.3729097744887967,0.4320740157543837,0.6554945974003545,0.4736629128914659,,0.8505762378856346,0.4256860304597283,,1.0,0.27143484241881055,0.31948810864789545,0.7501530773266779
Mean_Criterion_Jaccard,0.3279653520377975,0.8093365196170611,0.7621786690945538,0.7050251435017549,0.7698399557970846,0.6346678499230779,0.3334484507071628,0.7457842050262933,0.4771107711979404,0.7222715906534145,0.776235140879026,0.7682933212487638,0.6899019284913154,0.3097570235242193,0.7780451483197387,,0.6525393297064614,0.8024250104442726,0.7977394976653169,0.7635673344067175,0.8157098317407967,0.7966275167408086,0.8427974250453998,,0.4856652843262521,0.8127070640388216,,0.27143484241881055,1.0,0.9909365164518475,0.18857781970549164
Total_Criterion_Jaccard,0.4071026319004768,0.8433991118332876,0.8143469270733172,0.759435028252909,0.820019980152318,0.6958662452210992,0.3435604975356931,0.8002138092335349,0.5683267697642218,0.7735480890351863,0.8281058705447578,0.8195344996408813,0.7067373594387025,0.39327330990012344,0.8276934761303061,,0.6736908735416601,0.8170162339018257,0.8390541076854774,0.8163599461997237,0.8570758754342326,0.8019633094499576,0.8731189068357103,,0.5346762237141667,0.854930319022292,,0.31948810864789545,0.9909365164518475,1.0,0.232159309118123
Accuracy_3class,0.799845443880058,0.515119917025296,0.4123126108952699,0.5607567218413733,0.43893761616468696,0.737199500645073,0.8239476040668704,0.4003255966990868,0.7180546672375392,0.6463384378950572,0.39580184982050276,0.41686051761970666,0.6056044195646326,0.8315093302609216,0.42421900564626536,,0.7292706906328777,0.5479516882944703,0.5236262975929016,0.4456129557130938,0.454602992095238,0.4881866311865869,0.44162929194037814,,0.8310533288819586,0.4519991926977541,,0.7501530773266779,0.18857781970549164,0.232159309118123,1.0
