tool,criterion,n_missing,missing_rate,n_additional,additional_rate,denominator
AutoGVP,PVS1,161,0.017750826901874312,42,0.004630650496141125,9070
AutoGVP,PS1,117,0.012899669239250275,15,0.0016538037486218302,9070
AutoGVP,PS2,297,0.032745314222712235,0,0.0,9070
AutoGVP,PS3,1241,0.13682469680264608,0,0.0,9070
AutoGVP,PS4,1756,0.1936052921719956,1,0.00011025358324145535,9070
AutoGVP,PM1,219,0.02414553472987872,4272,0.47100330760749726,9070
AutoGVP,PM2,95,0.010474090407938258,2136,0.23550165380374863,9070
AutoGVP,PM3,1726,0.19029768467475192,0,0.0,9070
AutoGVP,PM4,23,0.002535832414553473,5,0.0005512679162072767,9070
AutoGVP,PM5,798,0.08798235942668137,163,0.01797133406835722,9070
AutoGVP,PM6,201,0.022160970231532524,0,0.0,9070
AutoGVP,PP1,1096,0.12083792723263506,0,0.0,9070
AutoGVP,PP2,587,0.0647188533627343,911,0.10044101433296582,9070
AutoGVP,PP3,176,0.019404630650496142,2482,0.27364939360529217,9070
AutoGVP,PP4,2990,0.3296582138919515,0,0.0,9070
AutoGVP,PP5,0,0.0,2389,0.2633958103638368,9070
AutoGVP,BA1,724,0.07982359426681367,0,0.0,9070
AutoGVP,BS1,540,0.05953693495038589,485,0.053472987872105845,9070
AutoGVP,BS2,650,0.07166482910694598,0,0.0,9070
AutoGVP,BS3,260,0.02866593164277839,0,0.0,9070
AutoGVP,BS4,25,0.0027563395810363835,0,0.0,9070
AutoGVP,BP1,0,0.0,2693,0.2969128996692392,9070
AutoGVP,BP2,188,0.020727673649393607,0,0.0,9070
AutoGVP,BP3,0,0.0,0,0.0,9070
AutoGVP,BP4,1099,0.12116868798235943,495,0.054575523704520394,9070
AutoGVP,BP5,201,0.022160970231532524,0,0.0,9070
AutoGVP,BP6,0,0.0,1179,0.12998897464167586,9070
AutoGVP,BP7,241,0.02657111356119074,347,0.038257993384785006,9070
BIAS,PVS1,49,0.008969430715723961,159,0.029104887424492038,5463
BIAS,PS1,74,0.013545670876807615,153,0.02800658978583196,5463
BIAS,PS2,193,0.035328574043565805,0,0.0,5463
BIAS,PS3,244,0.04466410397217646,818,0.14973457807065715,5463
BIAS,PS4,961,0.17591067179205563,770,0.14094819696137653,5463
BIAS,PM1,466,0.0853011166025993,779,0.14259564341936665,5463
BIAS,PM2,391,0.07157239611934835,592,0.10836536701446092,5463
BIAS,PM3,932,0.1706022332051986,0,0.0,5463
BIAS,PM4,80,0.014643968515467691,7,0.001281347245103423,5463
BIAS,PM5,315,0.057660626029654036,274,0.050155592165476846,5463
BIAS,PM6,142,0.025993044114955153,0,0.0,5463
BIAS,PP1,676,0.12374153395570199,0,0.0,5463
BIAS,PP2,76,0.013911770089694308,329,0.06022332051986088,5463
BIAS,PP3,111,0.020318506315211423,613,0.11220940874977119,5463
BIAS,PP4,1689,0.30917078528281167,0,0.0,5463
BIAS,PP5,0,0.0,1848,0.3382756727073037,5463
BIAS,BA1,321,0.05875892366831411,4,0.0007321984257733846,5463
BIAS,BS1,110,0.020135456708768075,301,0.05509793153944719,5463
BIAS,BS2,144,0.026359143327841845,708,0.12959912136188906,5463
BIAS,BS3,113,0.020684605528098116,0,0.0,5463
BIAS,BS4,14,0.002562694490206846,0,0.0,5463
BIAS,BP1,19,0.003477942522423577,174,0.03185063152114223,5463
BIAS,BP2,123,0.022515101592531575,0,0.0,5463
BIAS,BP3,2,0.0003660992128866923,2,0.0003660992128866923,5463
BIAS,BP4,258,0.047226798462383306,1969,0.3604246750869486,5463
BIAS,BP5,91,0.0166575141863445,0,0.0,5463
BIAS,BP6,0,0.0,1219,0.22313747025443895,5463
BIAS,BP7,54,0.009884678747940691,268,0.049057294526816765,5463
CPSR,PVS1,6,0.002902757619738752,19,0.009192065795839382,2067
CPSR,PS1,10,0.004837929366231253,0,0.0,2067
CPSR,PS2,80,0.038703434929850025,0,0.0,2067
CPSR,PS3,200,0.09675858732462506,0,0.0,2067
CPSR,PS4,368,0.17803580067731012,0,0.0,2067
CPSR,PM1,215,0.10401548137397194,40,0.019351717464925013,2067
CPSR,PM2,2,0.0009675858732462506,474,0.22931785195936139,2067
CPSR,PM3,100,0.04837929366231253,0,0.0,2067
CPSR,PM4,6,0.002902757619738752,3,0.001451378809869376,2067
CPSR,PM5,289,0.1398161586840832,16,0.0077406869859700045,2067
CPSR,PM6,15,0.00725689404934688,176,0.08514755684567005,2067
CPSR,PP1,100,0.04837929366231253,0,0.0,2067
CPSR,PP2,90,0.04354136429608128,29,0.014029995162070633,2067
CPSR,PP3,59,0.028543783260764392,229,0.1107885824866957,2067
CPSR,PP4,125,0.06047411707789066,0,0.0,2067
CPSR,PP5,0,0.0,0,0.0,2067
CPSR,BA1,130,0.06289308176100629,0,0.0,2067
CPSR,BS1,24,0.011611030478955007,171,0.08272859216255443,2067
CPSR,BS2,78,0.03773584905660377,0,0.0,2067
CPSR,BS3,37,0.017900338655055636,0,0.0,2067
CPSR,BS4,4,0.0019351717464925011,0,0.0,2067
CPSR,BP1,0,0.0,206,0.09966134494436381,2067
CPSR,BP2,94,0.045476536042573776,0,0.0,2067
CPSR,BP3,1,0.0004837929366231253,86,0.04160619254958878,2067
CPSR,BP4,748,0.3618771165940977,34,0.01644895984518626,2067
CPSR,BP5,28,0.013546202225447508,0,0.0,2067
CPSR,BP6,0,0.0,0,0.0,2067
CPSR,BP7,17,0.00822447992259313,111,0.05370101596516691,2067
CancerSIGVAR,PVS1,7,0.024475524475524476,3,0.01048951048951049,286
CancerSIGVAR,PS1,1,0.0034965034965034965,4,0.013986013986013986,286
CancerSIGVAR,PS2,4,0.013986013986013986,0,0.0,286
CancerSIGVAR,PS3,29,0.10139860139860139,0,0.0,286
CancerSIGVAR,PS4,95,0.3321678321678322,0,0.0,286
CancerSIGVAR,PM1,7,0.024475524475524476,0,0.0,286
CancerSIGVAR,PM2,1,0.0034965034965034965,44,0.15384615384615385,286
CancerSIGVAR,PM3,33,0.11538461538461539,0,0.0,286
CancerSIGVAR,PM4,0,0.0,1,0.0034965034965034965,286
CancerSIGVAR,PM5,72,0.2517482517482518,12,0.04195804195804196,286
CancerSIGVAR,PM6,7,0.024475524475524476,0,0.0,286
CancerSIGVAR,PP1,21,0.07342657342657342,0,0.0,286
CancerSIGVAR,PP2,29,0.10139860139860139,0,0.0,286
CancerSIGVAR,PP3,4,0.013986013986013986,56,0.1958041958041958,286
CancerSIGVAR,PP4,20,0.06993006993006994,0,0.0,286
CancerSIGVAR,PP5,0,0.0,87,0.3041958041958042,286
CancerSIGVAR,BA1,0,0.0,0,0.0,286
CancerSIGVAR,BS1,5,0.017482517482517484,0,0.0,286
CancerSIGVAR,BS2,36,0.1258741258741259,0,0.0,286
CancerSIGVAR,BS3,27,0.0944055944055944,0,0.0,286
CancerSIGVAR,BS4,2,0.006993006993006993,0,0.0,286
CancerSIGVAR,BP1,20,0.06993006993006994,0,0.0,286
CancerSIGVAR,BP2,3,0.01048951048951049,8,0.027972027972027972,286
CancerSIGVAR,BP3,0,0.0,0,0.0,286
CancerSIGVAR,BP4,35,0.12237762237762238,16,0.055944055944055944,286
CancerSIGVAR,BP5,2,0.006993006993006993,0,0.0,286
CancerSIGVAR,BP6,0,0.0,32,0.11188811188811189,286
CancerSIGVAR,BP7,3,0.01048951048951049,5,0.017482517482517484,286
CharGer_Local,PVS1,65,0.02176096417810512,0,0.0,2987
CharGer_Local,PS1,14,0.004686976899899564,0,0.0,2987
CharGer_Local,PS2,15,0.0050217609641781055,0,0.0,2987
CharGer_Local,PS3,124,0.041513223970539005,0,0.0,2987
CharGer_Local,PS4,377,0.1262135922330097,0,0.0,2987
CharGer_Local,PM1,503,0.1683963843321058,0,0.0,2987
CharGer_Local,PM2,0,0.0,942,0.315366588550385,2987
CharGer_Local,PM3,197,0.06595246066287244,0,0.0,2987
CharGer_Local,PM4,15,0.0050217609641781055,0,0.0,2987
CharGer_Local,PM5,175,0.05858721124874456,0,0.0,2987
CharGer_Local,PM6,13,0.004352192835621024,0,0.0,2987
CharGer_Local,PP1,100,0.03347840642785403,0,0.0,2987
CharGer_Local,PP2,132,0.04419149648476733,0,0.0,2987
CharGer_Local,PP3,798,0.2671576832942752,438,0.14663542015400066,2987
CharGer_Local,PP4,519,0.17375292936056244,0,0.0,2987
CharGer_Local,PP5,0,0.0,0,0.0,2987
CharGer_Local,BA1,2,0.0006695681285570807,0,0.0,2987
CharGer_Local,BS1,46,0.015400066956812855,0,0.0,2987
CharGer_Local,BS2,106,0.03548711081352528,0,0.0,2987
CharGer_Local,BS3,74,0.024774020756611986,0,0.0,2987
CharGer_Local,BS4,7,0.002343488449949782,0,0.0,2987
CharGer_Local,BP1,20,0.006695681285570807,0,0.0,2987
CharGer_Local,BP2,40,0.013391362571141614,0,0.0,2987
CharGer_Local,BP3,0,0.0,0,0.0,2987
CharGer_Local,BP4,527,0.17643120187479075,418,0.13993973886842986,2987
CharGer_Local,BP5,28,0.009373953799799129,0,0.0,2987
CharGer_Local,BP6,0,0.0,0,0.0,2987
CharGer_Local,BP7,119,0.0398393036491463,0,0.0,2987
CharGer_Online,PVS1,338,0.09521126760563381,0,0.0,3550
CharGer_Online,PS1,13,0.0036619718309859155,707,0.19915492957746478,3550
CharGer_Online,PS2,109,0.030704225352112677,0,0.0,3550
CharGer_Online,PS3,458,0.12901408450704224,0,0.0,3550
CharGer_Online,PS4,726,0.20450704225352112,0,0.0,3550
CharGer_Online,PM1,646,0.1819718309859155,0,0.0,3550
CharGer_Online,PM2,0,0.0,1076,0.30309859154929575,3550
CharGer_Online,PM3,471,0.13267605633802818,0,0.0,3550
CharGer_Online,PM4,18,0.0050704225352112674,0,0.0,3550
CharGer_Online,PM5,295,0.08309859154929577,0,0.0,3550
CharGer_Online,PM6,89,0.025070422535211266,0,0.0,3550
CharGer_Online,PP1,369,0.10394366197183098,0,0.0,3550
CharGer_Online,PP2,237,0.06676056338028169,0,0.0,3550
CharGer_Online,PP3,1415,0.39859154929577467,11,0.0030985915492957746,3550
CharGer_Online,PP4,887,0.24985915492957747,0,0.0,3550
CharGer_Online,PP5,0,0.0,0,0.0,3550
CharGer_Online,BA1,2,0.0005633802816901409,0,0.0,3550
CharGer_Online,BS1,74,0.020845070422535212,0,0.0,3550
CharGer_Online,BS2,90,0.02535211267605634,0,0.0,3550
CharGer_Online,BS3,70,0.01971830985915493,0,0.0,3550
CharGer_Online,BS4,10,0.0028169014084507044,0,0.0,3550
CharGer_Online,BP1,19,0.005352112676056338,0,0.0,3550
CharGer_Online,BP2,24,0.0067605633802816905,0,0.0,3550
CharGer_Online,BP3,0,0.0,0,0.0,3550
CharGer_Online,BP4,800,0.22535211267605634,45,0.01267605633802817,3550
CharGer_Online,BP5,32,0.009014084507042254,0,0.0,3550
CharGer_Online,BP6,0,0.0,0,0.0,3550
CharGer_Online,BP7,78,0.021971830985915493,0,0.0,3550
DiabloACMG,PVS1,64,0.009496958005638819,4,0.0005935598753524262,6739
DiabloACMG,PS1,62,0.009200178067962606,883,0.13102834248404807,6739
DiabloACMG,PS2,249,0.03694910224068853,0,0.0,6739
DiabloACMG,PS3,433,0.06425285650690013,1192,0.176880842855023,6739
DiabloACMG,PS4,1402,0.20804273631102538,0,0.0,6739
DiabloACMG,PM1,583,0.08651135183261612,1192,0.176880842855023,6739
DiabloACMG,PM2,6,0.0008903398130286393,1784,0.2647277044071821,6739
DiabloACMG,PM3,1352,0.20062323786912004,0,0.0,6739
DiabloACMG,PM4,14,0.0020774595637334916,5,0.0007419498441905327,6739
DiabloACMG,PM5,588,0.08725330167680664,188,0.02789731414156403,6739
DiabloACMG,PM6,171,0.02537468467131622,0,0.0,6739
DiabloACMG,PP1,886,0.1314735123905624,0,0.0,6739
DiabloACMG,PP2,495,0.07345303457486274,590,0.08755008161448286,6739
DiabloACMG,PP3,197,0.02923282386110699,1938,0.2875797596082505,6739
DiabloACMG,PP4,2393,0.35509719542958895,0,0.0,6739
DiabloACMG,PP5,0,0.0,3064,0.45466686451995847,6739
DiabloACMG,BA1,10,0.0014838996883810654,0,0.0,6739
DiabloACMG,BS1,432,0.06410446653806202,166,0.024632734827125687,6739
DiabloACMG,BS2,345,0.051194539249146756,94,0.013948657070782015,6739
DiabloACMG,BS3,60,0.008903398130286393,1220,0.18103576198249,6739
DiabloACMG,BS4,13,0.0019290695948953852,0,0.0,6739
DiabloACMG,BP1,0,0.0,1937,0.28743136963941235,6739
DiabloACMG,BP2,84,0.01246475738240095,0,0.0,6739
DiabloACMG,BP3,0,0.0,0,0.0,6739
DiabloACMG,BP4,745,0.11055052678438937,430,0.06380768660038581,6739
DiabloACMG,BP5,104,0.015432556759163081,0,0.0,6739
DiabloACMG,BP6,0,0.0,1367,0.20284908740169164,6739
DiabloACMG,BP7,206,0.030568333580649948,69,0.010238907849829351,6739
Exomiser,PVS1,4,0.09090909090909091,5,0.11363636363636363,44
Exomiser,PS1,1,0.022727272727272728,0,0.0,44
Exomiser,PS2,10,0.22727272727272727,0,0.0,44
Exomiser,PS3,14,0.3181818181818182,0,0.0,44
Exomiser,PS4,23,0.5227272727272727,0,0.0,44
Exomiser,PM1,3,0.06818181818181818,5,0.11363636363636363,44
Exomiser,PM2,11,0.25,0,0.0,44
Exomiser,PM3,10,0.22727272727272727,0,0.0,44
Exomiser,PM4,1,0.022727272727272728,0,0.0,44
Exomiser,PM5,0,0.0,9,0.20454545454545456,44
Exomiser,PM6,4,0.09090909090909091,0,0.0,44
Exomiser,PP1,11,0.25,0,0.0,44
Exomiser,PP2,4,0.09090909090909091,0,0.0,44
Exomiser,PP3,2,0.045454545454545456,4,0.09090909090909091,44
Exomiser,PP4,11,0.25,0,0.0,44
Exomiser,PP5,0,0.0,35,0.7954545454545454,44
Exomiser,BA1,1,0.022727272727272728,0,0.0,44
Exomiser,BS1,0,0.0,0,0.0,44
Exomiser,BS2,0,0.0,0,0.0,44
Exomiser,BS3,1,0.022727272727272728,0,0.0,44
Exomiser,BS4,0,0.0,0,0.0,44
Exomiser,BP1,0,0.0,0,0.0,44
Exomiser,BP2,0,0.0,0,0.0,44
Exomiser,BP3,0,0.0,0,0.0,44
Exomiser,BP4,0,0.0,0,0.0,44
Exomiser,BP5,0,0.0,0,0.0,44
Exomiser,BP6,0,0.0,0,0.0,44
Exomiser,BP7,0,0.0,0,0.0,44
Franklin,PVS1,67,0.018276050190943808,27,0.007364975450081833,3666
Franklin,PS1,31,0.00845608292416803,97,0.02645935624659029,3666
Franklin,PS2,41,0.011183851609383524,16,0.00436442989634479,3666
Franklin,PS3,142,0.03873431533006001,75,0.020458265139116204,3666
Franklin,PS4,189,0.05155482815057283,94,0.02564102564102564,3666
Franklin,PM1,50,0.013638843426077468,1101,0.30032733224222585,3666
Franklin,PM2,2,0.0005455537370430987,473,0.12902345881069285,3666
Franklin,PM3,209,0.05701036552100382,87,0.023731587561374796,3666
Franklin,PM4,16,0.00436442989634479,16,0.00436442989634479,3666
Franklin,PM5,31,0.00845608292416803,842,0.22967812329514456,3666
Franklin,PM6,26,0.0070921985815602835,8,0.002182214948172395,3666
Franklin,PP1,180,0.049099836333878884,31,0.00845608292416803,3666
Franklin,PP2,26,0.0070921985815602835,1410,0.38461538461538464,3666
Franklin,PP3,18,0.004909983633387889,288,0.07855973813420622,3666
Franklin,PP4,576,0.15711947626841244,1,0.00027277686852154935,3666
Franklin,PP5,0,0.0,2874,0.7839607201309329,3666
Franklin,BA1,218,0.05946535733769776,3,0.0008183306055646482,3666
Franklin,BS1,123,0.03355155482815057,151,0.04118930714675396,3666
Franklin,BS2,28,0.007637752318603383,227,0.06192034915439171,3666
Franklin,BS3,10,0.002727768685215494,9,0.0024549918166939444,3666
Franklin,BS4,5,0.001363884342607747,2,0.0005455537370430987,3666
Franklin,BP1,21,0.0057283142389525366,0,0.0,3666
Franklin,BP2,5,0.001363884342607747,0,0.0,3666
Franklin,BP3,0,0.0,0,0.0,3666
Franklin,BP4,130,0.03546099290780142,83,0.022640480087288598,3666
Franklin,BP5,22,0.006001091107474086,0,0.0,3666
Franklin,BP6,0,0.0,609,0.16612111292962356,3666
Franklin,BP7,9,0.0024549918166939444,0,0.0,3666
Genebe,PVS1,27,0.01730769230769231,46,0.029487179487179487,1560
Genebe,PS1,22,0.014102564102564103,12,0.007692307692307693,1560
Genebe,PS2,39,0.025,0,0.0,1560
Genebe,PS3,56,0.035897435897435895,76,0.04871794871794872,1560
Genebe,PS4,299,0.19166666666666668,3,0.0019230769230769232,1560
Genebe,PM1,37,0.023717948717948717,197,0.12628205128205128,1560
Genebe,PM2,112,0.07179487179487179,67,0.04294871794871795,1560
Genebe,PM3,510,0.3269230769230769,3,0.0019230769230769232,1560
Genebe,PM4,35,0.022435897435897436,8,0.005128205128205128,1560
Genebe,PM5,178,0.1141025641025641,93,0.05961538461538462,1560
Genebe,PM6,21,0.013461538461538462,2,0.001282051282051282,1560
Genebe,PP1,227,0.14551282051282052,1,0.000641025641025641,1560
Genebe,PP2,6,0.0038461538461538464,151,0.0967948717948718,1560
Genebe,PP3,39,0.025,84,0.05384615384615385,1560
Genebe,PP4,740,0.47435897435897434,1,0.000641025641025641,1560
Genebe,PP5,0,0.0,431,0.2762820512820513,1560
Genebe,BA1,65,0.041666666666666664,0,0.0,1560
Genebe,BS1,35,0.022435897435897436,49,0.03141025641025641,1560
Genebe,BS2,12,0.007692307692307693,87,0.05576923076923077,1560
Genebe,BS3,19,0.01217948717948718,2,0.001282051282051282,1560
Genebe,BS4,0,0.0,1,0.000641025641025641,1560
Genebe,BP1,1,0.000641025641025641,0,0.0,1560
Genebe,BP2,4,0.002564102564102564,0,0.0,1560
Genebe,BP3,0,0.0,1,0.000641025641025641,1560
Genebe,BP4,39,0.025,118,0.07564102564102564,1560
Genebe,BP5,8,0.005128205128205128,0,0.0,1560
Genebe,BP6,0,0.0,141,0.09038461538461538,1560
Genebe,BP7,44,0.028205128205128206,8,0.005128205128205128,1560
InterVar_2018,PVS1,26,0.008678237650200267,0,0.0,2996
InterVar_2018,PS1,13,0.0043391188251001335,3,0.0010013351134846463,2996
InterVar_2018,PS2,35,0.011682242990654205,0,0.0,2996
InterVar_2018,PS3,207,0.06909212283044058,0,0.0,2996
InterVar_2018,PS4,453,0.15120160213618158,0,0.0,2996
InterVar_2018,PM1,43,0.014352469959946596,1427,0.47630173564753003,2996
InterVar_2018,PM2,66,0.022029372496662217,746,0.24899866488651534,2996
InterVar_2018,PM3,392,0.1308411214953271,0,0.0,2996
InterVar_2018,PM4,5,0.0016688918558077437,2,0.0006675567423230974,2996
InterVar_2018,PM5,254,0.08477970627503338,13,0.0043391188251001335,2996
InterVar_2018,PM6,46,0.015353805073431242,0,0.0,2996
InterVar_2018,PP1,177,0.059078771695594126,0,0.0,2996
InterVar_2018,PP2,135,0.04506008010680908,144,0.04806408544726302,2996
InterVar_2018,PP3,44,0.014686248331108143,1047,0.34946595460614155,2996
InterVar_2018,PP4,741,0.2473297730307076,0,0.0,2996
InterVar_2018,PP5,0,0.0,568,0.18958611481975968,2996
InterVar_2018,BA1,1,0.0003337783711615487,0,0.0,2996
InterVar_2018,BS1,104,0.03471295060080107,112,0.037383177570093455,2996
InterVar_2018,BS2,123,0.041054739652870494,0,0.0,2996
InterVar_2018,BS3,64,0.021361815754339118,0,0.0,2996
InterVar_2018,BS4,8,0.0026702269692923898,0,0.0,2996
InterVar_2018,BP1,0,0.0,381,0.12716955941255007,2996
InterVar_2018,BP2,34,0.011348464619492658,0,0.0,2996
InterVar_2018,BP3,0,0.0,0,0.0,2996
InterVar_2018,BP4,410,0.13684913217623498,149,0.04973297730307076,2996
InterVar_2018,BP5,53,0.017690253671562083,0,0.0,2996
InterVar_2018,BP6,0,0.0,254,0.08477970627503338,2996
InterVar_2018,BP7,6,0.0020026702269692926,59,0.019692923898531375,2996
InterVar_2025,PVS1,11,0.002982646420824295,36,0.009761388286334056,3688
InterVar_2025,PS1,42,0.0113882863340564,5,0.0013557483731019523,3688
InterVar_2025,PS2,32,0.008676789587852495,0,0.0,3688
InterVar_2025,PS3,152,0.04121475054229935,0,0.0,3688
InterVar_2025,PS4,459,0.12445770065075921,0,0.0,3688
InterVar_2025,PM1,58,0.015726681127982648,1271,0.34463123644251625,3688
InterVar_2025,PM2,1949,0.528470715835141,90,0.02440347071583514,3688
InterVar_2025,PM3,412,0.11171366594360087,0,0.0,3688
InterVar_2025,PM4,11,0.002982646420824295,2,0.0005422993492407809,3688
InterVar_2025,PM5,199,0.0539587852494577,58,0.015726681127982648,3688
InterVar_2025,PM6,34,0.009219088937093275,0,0.0,3688
InterVar_2025,PP1,232,0.06290672451193059,0,0.0,3688
InterVar_2025,PP2,119,0.03226681127982647,279,0.07565075921908894,3688
InterVar_2025,PP3,44,0.01193058568329718,1287,0.34896963123644253,3688
InterVar_2025,PP4,830,0.22505422993492408,0,0.0,3688
InterVar_2025,PP5,0,0.0,851,0.2307483731019523,3688
InterVar_2025,BA1,7,0.001898047722342733,0,0.0,3688
InterVar_2025,BS1,26,0.0070498915401301515,2940,0.797180043383948,3688
InterVar_2025,BS2,321,0.08703904555314533,0,0.0,3688
InterVar_2025,BS3,151,0.04094360086767896,0,0.0,3688
InterVar_2025,BS4,10,0.0027114967462039045,0,0.0,3688
InterVar_2025,BP1,0,0.0,296,0.08026030368763558,3688
InterVar_2025,BP2,74,0.020065075921908895,0,0.0,3688
InterVar_2025,BP3,0,0.0,0,0.0,3688
InterVar_2025,BP4,419,0.1136117136659436,137,0.03714750542299349,3688
InterVar_2025,BP5,96,0.026030368763557483,0,0.0,3688
InterVar_2025,BP6,0,0.0,1200,0.32537960954446854,3688
InterVar_2025,BP7,96,0.026030368763557483,70,0.01898047722342733,3688
TAPES,PVS1,50,0.011916110581506196,40,0.009532888465204958,4196
TAPES,PS1,52,0.012392755004766444,2,0.00047664442326024784,4196
TAPES,PS2,59,0.014061010486177312,0,0.0,4196
TAPES,PS3,270,0.06434699714013346,37,0.008817921830314586,4196
TAPES,PS4,674,0.16062917063870352,0,0.0,4196
TAPES,PM1,75,0.017874165872259293,1764,0.4204003813155386,4196
TAPES,PM2,76,0.01811248808388942,844,0.2011439466158246,4196
TAPES,PM3,544,0.12964728312678742,0,0.0,4196
TAPES,PM4,73,0.017397521448999045,4,0.0009532888465204957,4196
TAPES,PM5,362,0.08627264061010487,3,0.0007149666348903718,4196
TAPES,PM6,73,0.017397521448999045,0,0.0,4196
TAPES,PP1,300,0.07149666348903717,0,0.0,4196
TAPES,PP2,199,0.04742612011439466,0,0.0,4196
TAPES,PP3,109,0.025977121067683507,1503,0.35819828408007626,4196
TAPES,PP4,1056,0.25166825548141086,0,0.0,4196
TAPES,PP5,0,0.0,914,0.21782650142993326,4196
TAPES,BA1,56,0.01334604385128694,0,0.0,4196
TAPES,BS1,85,0.020257387988560534,233,0.055529075309818876,4196
TAPES,BS2,124,0.029551954242135366,5,0.0011916110581506197,4196
TAPES,BS3,73,0.017397521448999045,109,0.025977121067683507,4196
TAPES,BS4,6,0.0014299332697807435,0,0.0,4196
TAPES,BP1,21,0.005004766444232603,0,0.0,4196
TAPES,BP2,48,0.011439466158245948,0,0.0,4196
TAPES,BP3,1,0.00023832221163012392,3,0.0007149666348903718,4196
TAPES,BP4,646,0.15395614871306007,219,0.05219256434699714,4196
TAPES,BP5,55,0.013107721639656816,0,0.0,4196
TAPES,BP6,0,0.0,153,0.03646329837940896,4196
TAPES,BP7,131,0.031220209723546236,0,0.0,4196
VIP-HL,PVS1,0,0.0,0,0.0,61
VIP-HL,PS1,0,0.0,0,0.0,61
VIP-HL,PS2,0,0.0,0,0.0,61
VIP-HL,PS3,4,0.06557377049180328,0,0.0,61
VIP-HL,PS4,0,0.0,0,0.0,61
VIP-HL,PM1,0,0.0,1,0.01639344262295082,61
VIP-HL,PM2,0,0.0,23,0.3770491803278688,61
VIP-HL,PM3,27,0.4426229508196721,0,0.0,61
VIP-HL,PM4,0,0.0,0,0.0,61
VIP-HL,PM5,0,0.0,3,0.04918032786885246,61
VIP-HL,PM6,0,0.0,0,0.0,61
VIP-HL,PP1,1,0.01639344262295082,0,0.0,61
VIP-HL,PP2,0,0.0,0,0.0,61
VIP-HL,PP3,2,0.03278688524590164,1,0.01639344262295082,61
VIP-HL,PP4,11,0.18032786885245902,0,0.0,61
VIP-HL,PP5,0,0.0,0,0.0,61
VIP-HL,BA1,0,0.0,0,0.0,61
VIP-HL,BS1,1,0.01639344262295082,0,0.0,61
VIP-HL,BS2,2,0.03278688524590164,10,0.16393442622950818,61
VIP-HL,BS3,3,0.04918032786885246,0,0.0,61
VIP-HL,BS4,0,0.0,0,0.0,61
VIP-HL,BP1,0,0.0,0,0.0,61
VIP-HL,BP2,1,0.01639344262295082,0,0.0,61
VIP-HL,BP3,0,0.0,0,0.0,61
VIP-HL,BP4,1,0.01639344262295082,7,0.11475409836065574,61
VIP-HL,BP5,0,0.0,0,0.0,61
VIP-HL,BP6,0,0.0,0,0.0,61
VIP-HL,BP7,3,0.04918032786885246,1,0.01639344262295082,61
