criterion,n_total_missing,n_outside_operational_scope,n_supported_but_missed,outside_scope_fraction_of_missing,supported_but_missed_fraction_of_missing,analysis_type,tool
PP4,12588,12001,587,0.9533682872577057,0.046631712742294246,pooled,
PS4,7782,3290,4492,0.4227704960164482,0.5772295039835518,pooled,
PM3,6915,6915,0,1.0,0.0,pooled,
BP4,5857,0,5857,0.0,1.0,pooled,
PP1,4376,4376,0,1.0,0.0,pooled,
PS3,3574,2627,947,0.7350307778399552,0.26496922216004476,pooled,
PM5,3556,0,3556,0.0,1.0,pooled,
PP3,3018,0,3018,0.0,1.0,pooled,
PM1,2905,0,2905,0.0,1.0,pooled,
PM2,2711,0,2711,0.0,1.0,pooled,
PP2,2135,29,2106,0.013583138173302109,0.9864168618266979,pooled,
BS2,2059,196,1863,0.09519184069936863,0.9048081593006314,pooled,
BS1,1605,120,1485,0.07476635514018691,0.9252336448598131,pooled,
BA1,1537,0,1537,0.0,1.0,pooled,
PS2,1163,1163,0,1.0,0.0,pooled,
BP7,1007,197,810,0.19563058589870905,0.8043694141012909,pooled,
BS3,962,829,133,0.8617463617463618,0.13825363825363826,pooled,
PVS1,875,0,875,0.0,1.0,pooled,
PM6,842,842,0,1.0,0.0,pooled,
BP2,722,719,3,0.9958448753462604,0.004155124653739612,pooled,
BP5,720,720,0,1.0,0.0,pooled,
PS1,452,0,452,0.0,1.0,pooled,
PM4,297,0,297,0.0,1.0,pooled,
BP1,121,39,82,0.32231404958677684,0.6776859504132231,pooled,
BS4,104,104,0,1.0,0.0,pooled,
BP3,4,0,4,0.0,1.0,pooled,
PP5,0,0,0,0.0,0.0,pooled,
BP6,0,0,0,0.0,0.0,pooled,
PVS1,161,0,161,0.0,1.0,tool_specific,AutoGVP
PS1,117,0,117,0.0,1.0,tool_specific,AutoGVP
PS2,297,297,0,1.0,0.0,tool_specific,AutoGVP
PS3,1241,1241,0,1.0,0.0,tool_specific,AutoGVP
PS4,1756,0,1756,0.0,1.0,tool_specific,AutoGVP
PM1,219,0,219,0.0,1.0,tool_specific,AutoGVP
PM2,95,0,95,0.0,1.0,tool_specific,AutoGVP
PM3,1726,1726,0,1.0,0.0,tool_specific,AutoGVP
PM4,23,0,23,0.0,1.0,tool_specific,AutoGVP
PM5,798,0,798,0.0,1.0,tool_specific,AutoGVP
PM6,201,201,0,1.0,0.0,tool_specific,AutoGVP
PP1,1096,1096,0,1.0,0.0,tool_specific,AutoGVP
PP2,587,0,587,0.0,1.0,tool_specific,AutoGVP
PP3,176,0,176,0.0,1.0,tool_specific,AutoGVP
PP4,2990,2990,0,1.0,0.0,tool_specific,AutoGVP
PP5,0,0,0,0.0,0.0,tool_specific,AutoGVP
BA1,724,0,724,0.0,1.0,tool_specific,AutoGVP
BS1,540,0,540,0.0,1.0,tool_specific,AutoGVP
BS2,650,0,650,0.0,1.0,tool_specific,AutoGVP
BS3,260,260,0,1.0,0.0,tool_specific,AutoGVP
BS4,25,25,0,1.0,0.0,tool_specific,AutoGVP
BP1,0,0,0,0.0,0.0,tool_specific,AutoGVP
BP2,188,188,0,1.0,0.0,tool_specific,AutoGVP
BP3,0,0,0,0.0,0.0,tool_specific,AutoGVP
BP4,1099,0,1099,0.0,1.0,tool_specific,AutoGVP
BP5,201,201,0,1.0,0.0,tool_specific,AutoGVP
BP6,0,0,0,0.0,0.0,tool_specific,AutoGVP
BP7,241,0,241,0.0,1.0,tool_specific,AutoGVP
PVS1,49,0,49,0.0,1.0,tool_specific,BIAS
PS1,74,0,74,0.0,1.0,tool_specific,BIAS
PS2,193,193,0,1.0,0.0,tool_specific,BIAS
PS3,244,0,244,0.0,1.0,tool_specific,BIAS
PS4,961,0,961,0.0,1.0,tool_specific,BIAS
PM1,466,0,466,0.0,1.0,tool_specific,BIAS
PM2,391,0,391,0.0,1.0,tool_specific,BIAS
PM3,932,932,0,1.0,0.0,tool_specific,BIAS
PM4,80,0,80,0.0,1.0,tool_specific,BIAS
PM5,315,0,315,0.0,1.0,tool_specific,BIAS
PM6,142,142,0,1.0,0.0,tool_specific,BIAS
PP1,676,676,0,1.0,0.0,tool_specific,BIAS
PP2,76,0,76,0.0,1.0,tool_specific,BIAS
PP3,111,0,111,0.0,1.0,tool_specific,BIAS
PP4,1689,1689,0,1.0,0.0,tool_specific,BIAS
PP5,0,0,0,0.0,0.0,tool_specific,BIAS
BA1,321,0,321,0.0,1.0,tool_specific,BIAS
BS1,110,0,110,0.0,1.0,tool_specific,BIAS
BS2,144,0,144,0.0,1.0,tool_specific,BIAS
BS3,113,113,0,1.0,0.0,tool_specific,BIAS
BS4,14,14,0,1.0,0.0,tool_specific,BIAS
BP1,19,0,19,0.0,1.0,tool_specific,BIAS
BP2,123,123,0,1.0,0.0,tool_specific,BIAS
BP3,2,0,2,0.0,1.0,tool_specific,BIAS
BP4,258,0,258,0.0,1.0,tool_specific,BIAS
BP5,91,91,0,1.0,0.0,tool_specific,BIAS
BP6,0,0,0,0.0,0.0,tool_specific,BIAS
BP7,54,0,54,0.0,1.0,tool_specific,BIAS
PVS1,6,0,6,0.0,1.0,tool_specific,CPSR
PS1,10,0,10,0.0,1.0,tool_specific,CPSR
PS2,80,80,0,1.0,0.0,tool_specific,CPSR
PS3,200,200,0,1.0,0.0,tool_specific,CPSR
PS4,368,368,0,1.0,0.0,tool_specific,CPSR
PM1,215,0,215,0.0,1.0,tool_specific,CPSR
PM2,2,0,2,0.0,1.0,tool_specific,CPSR
PM3,100,100,0,1.0,0.0,tool_specific,CPSR
PM4,6,0,6,0.0,1.0,tool_specific,CPSR
PM5,289,0,289,0.0,1.0,tool_specific,CPSR
PM6,15,15,0,1.0,0.0,tool_specific,CPSR
PP1,100,100,0,1.0,0.0,tool_specific,CPSR
PP2,90,0,90,0.0,1.0,tool_specific,CPSR
PP3,59,0,59,0.0,1.0,tool_specific,CPSR
PP4,125,125,0,1.0,0.0,tool_specific,CPSR
PP5,0,0,0,0.0,0.0,tool_specific,CPSR
BA1,130,0,130,0.0,1.0,tool_specific,CPSR
BS1,24,0,24,0.0,1.0,tool_specific,CPSR
BS2,78,0,78,0.0,1.0,tool_specific,CPSR
BS3,37,37,0,1.0,0.0,tool_specific,CPSR
BS4,4,4,0,1.0,0.0,tool_specific,CPSR
BP1,0,0,0,0.0,0.0,tool_specific,CPSR
BP2,94,94,0,1.0,0.0,tool_specific,CPSR
BP3,1,0,1,0.0,1.0,tool_specific,CPSR
BP4,748,0,748,0.0,1.0,tool_specific,CPSR
BP5,28,28,0,1.0,0.0,tool_specific,CPSR
BP6,0,0,0,0.0,0.0,tool_specific,CPSR
BP7,17,0,17,0.0,1.0,tool_specific,CPSR
PVS1,7,0,7,0.0,1.0,tool_specific,CancerSIGVAR
PS1,1,0,1,0.0,1.0,tool_specific,CancerSIGVAR
PS2,4,4,0,1.0,0.0,tool_specific,CancerSIGVAR
PS3,29,29,0,1.0,0.0,tool_specific,CancerSIGVAR
PS4,95,95,0,1.0,0.0,tool_specific,CancerSIGVAR
PM1,7,0,7,0.0,1.0,tool_specific,CancerSIGVAR
PM2,1,0,1,0.0,1.0,tool_specific,CancerSIGVAR
PM3,33,33,0,1.0,0.0,tool_specific,CancerSIGVAR
PM4,0,0,0,0.0,0.0,tool_specific,CancerSIGVAR
PM5,72,0,72,0.0,1.0,tool_specific,CancerSIGVAR
PM6,7,7,0,1.0,0.0,tool_specific,CancerSIGVAR
PP1,21,21,0,1.0,0.0,tool_specific,CancerSIGVAR
PP2,29,29,0,1.0,0.0,tool_specific,CancerSIGVAR
PP3,4,0,4,0.0,1.0,tool_specific,CancerSIGVAR
PP4,20,20,0,1.0,0.0,tool_specific,CancerSIGVAR
PP5,0,0,0,0.0,0.0,tool_specific,CancerSIGVAR
BA1,0,0,0,0.0,0.0,tool_specific,CancerSIGVAR
BS1,5,0,5,0.0,1.0,tool_specific,CancerSIGVAR
BS2,36,0,36,0.0,1.0,tool_specific,CancerSIGVAR
BS3,27,27,0,1.0,0.0,tool_specific,CancerSIGVAR
BS4,2,2,0,1.0,0.0,tool_specific,CancerSIGVAR
BP1,20,0,20,0.0,1.0,tool_specific,CancerSIGVAR
BP2,3,0,3,0.0,1.0,tool_specific,CancerSIGVAR
BP3,0,0,0,0.0,0.0,tool_specific,CancerSIGVAR
BP4,35,0,35,0.0,1.0,tool_specific,CancerSIGVAR
BP5,2,2,0,1.0,0.0,tool_specific,CancerSIGVAR
BP6,0,0,0,0.0,0.0,tool_specific,CancerSIGVAR
BP7,3,0,3,0.0,1.0,tool_specific,CancerSIGVAR
PVS1,65,0,65,0.0,1.0,tool_specific,CharGer_Local
PS1,14,0,14,0.0,1.0,tool_specific,CharGer_Local
PS2,15,15,0,1.0,0.0,tool_specific,CharGer_Local
PS3,124,124,0,1.0,0.0,tool_specific,CharGer_Local
PS4,377,377,0,1.0,0.0,tool_specific,CharGer_Local
PM1,503,0,503,0.0,1.0,tool_specific,CharGer_Local
PM2,0,0,0,0.0,0.0,tool_specific,CharGer_Local
PM3,197,197,0,1.0,0.0,tool_specific,CharGer_Local
PM4,15,0,15,0.0,1.0,tool_specific,CharGer_Local
PM5,175,0,175,0.0,1.0,tool_specific,CharGer_Local
PM6,13,13,0,1.0,0.0,tool_specific,CharGer_Local
PP1,100,100,0,1.0,0.0,tool_specific,CharGer_Local
PP2,132,0,132,0.0,1.0,tool_specific,CharGer_Local
PP3,798,0,798,0.0,1.0,tool_specific,CharGer_Local
PP4,519,519,0,1.0,0.0,tool_specific,CharGer_Local
PP5,0,0,0,0.0,0.0,tool_specific,CharGer_Local
BA1,2,0,2,0.0,1.0,tool_specific,CharGer_Local
BS1,46,46,0,1.0,0.0,tool_specific,CharGer_Local
BS2,106,106,0,1.0,0.0,tool_specific,CharGer_Local
BS3,74,74,0,1.0,0.0,tool_specific,CharGer_Local
BS4,7,7,0,1.0,0.0,tool_specific,CharGer_Local
BP1,20,20,0,1.0,0.0,tool_specific,CharGer_Local
BP2,40,40,0,1.0,0.0,tool_specific,CharGer_Local
BP3,0,0,0,0.0,0.0,tool_specific,CharGer_Local
BP4,527,0,527,0.0,1.0,tool_specific,CharGer_Local
BP5,28,28,0,1.0,0.0,tool_specific,CharGer_Local
BP6,0,0,0,0.0,0.0,tool_specific,CharGer_Local
BP7,119,119,0,1.0,0.0,tool_specific,CharGer_Local
PVS1,338,0,338,0.0,1.0,tool_specific,CharGer_Online
PS1,13,0,13,0.0,1.0,tool_specific,CharGer_Online
PS2,109,109,0,1.0,0.0,tool_specific,CharGer_Online
PS3,458,458,0,1.0,0.0,tool_specific,CharGer_Online
PS4,726,726,0,1.0,0.0,tool_specific,CharGer_Online
PM1,646,0,646,0.0,1.0,tool_specific,CharGer_Online
PM2,0,0,0,0.0,0.0,tool_specific,CharGer_Online
PM3,471,471,0,1.0,0.0,tool_specific,CharGer_Online
PM4,18,0,18,0.0,1.0,tool_specific,CharGer_Online
PM5,295,0,295,0.0,1.0,tool_specific,CharGer_Online
PM6,89,89,0,1.0,0.0,tool_specific,CharGer_Online
PP1,369,369,0,1.0,0.0,tool_specific,CharGer_Online
PP2,237,0,237,0.0,1.0,tool_specific,CharGer_Online
PP3,1415,0,1415,0.0,1.0,tool_specific,CharGer_Online
PP4,887,887,0,1.0,0.0,tool_specific,CharGer_Online
PP5,0,0,0,0.0,0.0,tool_specific,CharGer_Online
BA1,2,0,2,0.0,1.0,tool_specific,CharGer_Online
BS1,74,74,0,1.0,0.0,tool_specific,CharGer_Online
BS2,90,90,0,1.0,0.0,tool_specific,CharGer_Online
BS3,70,70,0,1.0,0.0,tool_specific,CharGer_Online
BS4,10,10,0,1.0,0.0,tool_specific,CharGer_Online
BP1,19,19,0,1.0,0.0,tool_specific,CharGer_Online
BP2,24,24,0,1.0,0.0,tool_specific,CharGer_Online
BP3,0,0,0,0.0,0.0,tool_specific,CharGer_Online
BP4,800,0,800,0.0,1.0,tool_specific,CharGer_Online
BP5,32,32,0,1.0,0.0,tool_specific,CharGer_Online
BP6,0,0,0,0.0,0.0,tool_specific,CharGer_Online
BP7,78,78,0,1.0,0.0,tool_specific,CharGer_Online
PVS1,64,0,64,0.0,1.0,tool_specific,DiabloACMG
PS1,62,0,62,0.0,1.0,tool_specific,DiabloACMG
PS2,249,249,0,1.0,0.0,tool_specific,DiabloACMG
PS3,433,0,433,0.0,1.0,tool_specific,DiabloACMG
PS4,1402,1402,0,1.0,0.0,tool_specific,DiabloACMG
PM1,583,0,583,0.0,1.0,tool_specific,DiabloACMG
PM2,6,0,6,0.0,1.0,tool_specific,DiabloACMG
PM3,1352,1352,0,1.0,0.0,tool_specific,DiabloACMG
PM4,14,0,14,0.0,1.0,tool_specific,DiabloACMG
PM5,588,0,588,0.0,1.0,tool_specific,DiabloACMG
PM6,171,171,0,1.0,0.0,tool_specific,DiabloACMG
PP1,886,886,0,1.0,0.0,tool_specific,DiabloACMG
PP2,495,0,495,0.0,1.0,tool_specific,DiabloACMG
PP3,197,0,197,0.0,1.0,tool_specific,DiabloACMG
PP4,2393,2393,0,1.0,0.0,tool_specific,DiabloACMG
PP5,0,0,0,0.0,0.0,tool_specific,DiabloACMG
BA1,10,0,10,0.0,1.0,tool_specific,DiabloACMG
BS1,432,0,432,0.0,1.0,tool_specific,DiabloACMG
BS2,345,0,345,0.0,1.0,tool_specific,DiabloACMG
BS3,60,0,60,0.0,1.0,tool_specific,DiabloACMG
BS4,13,13,0,1.0,0.0,tool_specific,DiabloACMG
BP1,0,0,0,0.0,0.0,tool_specific,DiabloACMG
BP2,84,84,0,1.0,0.0,tool_specific,DiabloACMG
BP3,0,0,0,0.0,0.0,tool_specific,DiabloACMG
BP4,745,0,745,0.0,1.0,tool_specific,DiabloACMG
BP5,104,104,0,1.0,0.0,tool_specific,DiabloACMG
BP6,0,0,0,0.0,0.0,tool_specific,DiabloACMG
BP7,206,0,206,0.0,1.0,tool_specific,DiabloACMG
PVS1,4,0,4,0.0,1.0,tool_specific,Exomiser
PS1,1,0,1,0.0,1.0,tool_specific,Exomiser
PS2,10,10,0,1.0,0.0,tool_specific,Exomiser
PS3,14,14,0,1.0,0.0,tool_specific,Exomiser
PS4,23,23,0,1.0,0.0,tool_specific,Exomiser
PM1,3,0,3,0.0,1.0,tool_specific,Exomiser
PM2,11,0,11,0.0,1.0,tool_specific,Exomiser
PM3,10,10,0,1.0,0.0,tool_specific,Exomiser
PM4,1,0,1,0.0,1.0,tool_specific,Exomiser
PM5,0,0,0,0.0,0.0,tool_specific,Exomiser
PM6,4,4,0,1.0,0.0,tool_specific,Exomiser
PP1,11,11,0,1.0,0.0,tool_specific,Exomiser
PP2,4,0,4,0.0,1.0,tool_specific,Exomiser
PP3,2,0,2,0.0,1.0,tool_specific,Exomiser
PP4,11,0,11,0.0,1.0,tool_specific,Exomiser
PP5,0,0,0,0.0,0.0,tool_specific,Exomiser
BA1,1,0,1,0.0,1.0,tool_specific,Exomiser
BS1,0,0,0,0.0,0.0,tool_specific,Exomiser
BS2,0,0,0,0.0,0.0,tool_specific,Exomiser
BS3,1,1,0,1.0,0.0,tool_specific,Exomiser
BS4,0,0,0,0.0,0.0,tool_specific,Exomiser
BP1,0,0,0,0.0,0.0,tool_specific,Exomiser
BP2,0,0,0,0.0,0.0,tool_specific,Exomiser
BP3,0,0,0,0.0,0.0,tool_specific,Exomiser
BP4,0,0,0,0.0,0.0,tool_specific,Exomiser
BP5,0,0,0,0.0,0.0,tool_specific,Exomiser
BP6,0,0,0,0.0,0.0,tool_specific,Exomiser
BP7,0,0,0,0.0,0.0,tool_specific,Exomiser
PVS1,67,0,67,0.0,1.0,tool_specific,Franklin
PS1,31,0,31,0.0,1.0,tool_specific,Franklin
PS2,41,41,0,1.0,0.0,tool_specific,Franklin
PS3,142,142,0,1.0,0.0,tool_specific,Franklin
PS4,189,0,189,0.0,1.0,tool_specific,Franklin
PM1,50,0,50,0.0,1.0,tool_specific,Franklin
PM2,2,0,2,0.0,1.0,tool_specific,Franklin
PM3,209,209,0,1.0,0.0,tool_specific,Franklin
PM4,16,0,16,0.0,1.0,tool_specific,Franklin
PM5,31,0,31,0.0,1.0,tool_specific,Franklin
PM6,26,26,0,1.0,0.0,tool_specific,Franklin
PP1,180,180,0,1.0,0.0,tool_specific,Franklin
PP2,26,0,26,0.0,1.0,tool_specific,Franklin
PP3,18,0,18,0.0,1.0,tool_specific,Franklin
PP4,576,0,576,0.0,1.0,tool_specific,Franklin
PP5,0,0,0,0.0,0.0,tool_specific,Franklin
BA1,218,0,218,0.0,1.0,tool_specific,Franklin
BS1,123,0,123,0.0,1.0,tool_specific,Franklin
BS2,28,0,28,0.0,1.0,tool_specific,Franklin
BS3,10,10,0,1.0,0.0,tool_specific,Franklin
BS4,5,5,0,1.0,0.0,tool_specific,Franklin
BP1,21,0,21,0.0,1.0,tool_specific,Franklin
BP2,5,5,0,1.0,0.0,tool_specific,Franklin
BP3,0,0,0,0.0,0.0,tool_specific,Franklin
BP4,130,0,130,0.0,1.0,tool_specific,Franklin
BP5,22,22,0,1.0,0.0,tool_specific,Franklin
BP6,0,0,0,0.0,0.0,tool_specific,Franklin
BP7,9,0,9,0.0,1.0,tool_specific,Franklin
PVS1,27,0,27,0.0,1.0,tool_specific,Genebe
PS1,22,0,22,0.0,1.0,tool_specific,Genebe
PS2,39,39,0,1.0,0.0,tool_specific,Genebe
PS3,56,56,0,1.0,0.0,tool_specific,Genebe
PS4,299,299,0,1.0,0.0,tool_specific,Genebe
PM1,37,0,37,0.0,1.0,tool_specific,Genebe
PM2,112,0,112,0.0,1.0,tool_specific,Genebe
PM3,510,510,0,1.0,0.0,tool_specific,Genebe
PM4,35,0,35,0.0,1.0,tool_specific,Genebe
PM5,178,0,178,0.0,1.0,tool_specific,Genebe
PM6,21,21,0,1.0,0.0,tool_specific,Genebe
PP1,227,227,0,1.0,0.0,tool_specific,Genebe
PP2,6,0,6,0.0,1.0,tool_specific,Genebe
PP3,39,0,39,0.0,1.0,tool_specific,Genebe
PP4,740,740,0,1.0,0.0,tool_specific,Genebe
PP5,0,0,0,0.0,0.0,tool_specific,Genebe
BA1,65,0,65,0.0,1.0,tool_specific,Genebe
BS1,35,0,35,0.0,1.0,tool_specific,Genebe
BS2,12,0,12,0.0,1.0,tool_specific,Genebe
BS3,19,19,0,1.0,0.0,tool_specific,Genebe
BS4,0,0,0,0.0,0.0,tool_specific,Genebe
BP1,1,0,1,0.0,1.0,tool_specific,Genebe
BP2,4,4,0,1.0,0.0,tool_specific,Genebe
BP3,0,0,0,0.0,0.0,tool_specific,Genebe
BP4,39,0,39,0.0,1.0,tool_specific,Genebe
BP5,8,8,0,1.0,0.0,tool_specific,Genebe
BP6,0,0,0,0.0,0.0,tool_specific,Genebe
BP7,44,0,44,0.0,1.0,tool_specific,Genebe
PVS1,26,0,26,0.0,1.0,tool_specific,InterVar_2018
PS1,13,0,13,0.0,1.0,tool_specific,InterVar_2018
PS2,35,35,0,1.0,0.0,tool_specific,InterVar_2018
PS3,207,207,0,1.0,0.0,tool_specific,InterVar_2018
PS4,453,0,453,0.0,1.0,tool_specific,InterVar_2018
PM1,43,0,43,0.0,1.0,tool_specific,InterVar_2018
PM2,66,0,66,0.0,1.0,tool_specific,InterVar_2018
PM3,392,392,0,1.0,0.0,tool_specific,InterVar_2018
PM4,5,0,5,0.0,1.0,tool_specific,InterVar_2018
PM5,254,0,254,0.0,1.0,tool_specific,InterVar_2018
PM6,46,46,0,1.0,0.0,tool_specific,InterVar_2018
PP1,177,177,0,1.0,0.0,tool_specific,InterVar_2018
PP2,135,0,135,0.0,1.0,tool_specific,InterVar_2018
PP3,44,0,44,0.0,1.0,tool_specific,InterVar_2018
PP4,741,741,0,1.0,0.0,tool_specific,InterVar_2018
PP5,0,0,0,0.0,0.0,tool_specific,InterVar_2018
BA1,1,0,1,0.0,1.0,tool_specific,InterVar_2018
BS1,104,0,104,0.0,1.0,tool_specific,InterVar_2018
BS2,123,0,123,0.0,1.0,tool_specific,InterVar_2018
BS3,64,64,0,1.0,0.0,tool_specific,InterVar_2018
BS4,8,8,0,1.0,0.0,tool_specific,InterVar_2018
BP1,0,0,0,0.0,0.0,tool_specific,InterVar_2018
BP2,34,34,0,1.0,0.0,tool_specific,InterVar_2018
BP3,0,0,0,0.0,0.0,tool_specific,InterVar_2018
BP4,410,0,410,0.0,1.0,tool_specific,InterVar_2018
BP5,53,53,0,1.0,0.0,tool_specific,InterVar_2018
BP6,0,0,0,0.0,0.0,tool_specific,InterVar_2018
BP7,6,0,6,0.0,1.0,tool_specific,InterVar_2018
PVS1,11,0,11,0.0,1.0,tool_specific,InterVar_2025
PS1,42,0,42,0.0,1.0,tool_specific,InterVar_2025
PS2,32,32,0,1.0,0.0,tool_specific,InterVar_2025
PS3,152,152,0,1.0,0.0,tool_specific,InterVar_2025
PS4,459,0,459,0.0,1.0,tool_specific,InterVar_2025
PM1,58,0,58,0.0,1.0,tool_specific,InterVar_2025
PM2,1949,0,1949,0.0,1.0,tool_specific,InterVar_2025
PM3,412,412,0,1.0,0.0,tool_specific,InterVar_2025
PM4,11,0,11,0.0,1.0,tool_specific,InterVar_2025
PM5,199,0,199,0.0,1.0,tool_specific,InterVar_2025
PM6,34,34,0,1.0,0.0,tool_specific,InterVar_2025
PP1,232,232,0,1.0,0.0,tool_specific,InterVar_2025
PP2,119,0,119,0.0,1.0,tool_specific,InterVar_2025
PP3,44,0,44,0.0,1.0,tool_specific,InterVar_2025
PP4,830,830,0,1.0,0.0,tool_specific,InterVar_2025
PP5,0,0,0,0.0,0.0,tool_specific,InterVar_2025
BA1,7,0,7,0.0,1.0,tool_specific,InterVar_2025
BS1,26,0,26,0.0,1.0,tool_specific,InterVar_2025
BS2,321,0,321,0.0,1.0,tool_specific,InterVar_2025
BS3,151,151,0,1.0,0.0,tool_specific,InterVar_2025
BS4,10,10,0,1.0,0.0,tool_specific,InterVar_2025
BP1,0,0,0,0.0,0.0,tool_specific,InterVar_2025
BP2,74,74,0,1.0,0.0,tool_specific,InterVar_2025
BP3,0,0,0,0.0,0.0,tool_specific,InterVar_2025
BP4,419,0,419,0.0,1.0,tool_specific,InterVar_2025
BP5,96,96,0,1.0,0.0,tool_specific,InterVar_2025
BP6,0,0,0,0.0,0.0,tool_specific,InterVar_2025
BP7,96,0,96,0.0,1.0,tool_specific,InterVar_2025
PVS1,50,0,50,0.0,1.0,tool_specific,TAPES
PS1,52,0,52,0.0,1.0,tool_specific,TAPES
PS2,59,59,0,1.0,0.0,tool_specific,TAPES
PS3,270,0,270,0.0,1.0,tool_specific,TAPES
PS4,674,0,674,0.0,1.0,tool_specific,TAPES
PM1,75,0,75,0.0,1.0,tool_specific,TAPES
PM2,76,0,76,0.0,1.0,tool_specific,TAPES
PM3,544,544,0,1.0,0.0,tool_specific,TAPES
PM4,73,0,73,0.0,1.0,tool_specific,TAPES
PM5,362,0,362,0.0,1.0,tool_specific,TAPES
PM6,73,73,0,1.0,0.0,tool_specific,TAPES
PP1,300,300,0,1.0,0.0,tool_specific,TAPES
PP2,199,0,199,0.0,1.0,tool_specific,TAPES
PP3,109,0,109,0.0,1.0,tool_specific,TAPES
PP4,1056,1056,0,1.0,0.0,tool_specific,TAPES
PP5,0,0,0,0.0,0.0,tool_specific,TAPES
BA1,56,0,56,0.0,1.0,tool_specific,TAPES
BS1,85,0,85,0.0,1.0,tool_specific,TAPES
BS2,124,0,124,0.0,1.0,tool_specific,TAPES
BS3,73,0,73,0.0,1.0,tool_specific,TAPES
BS4,6,6,0,1.0,0.0,tool_specific,TAPES
BP1,21,0,21,0.0,1.0,tool_specific,TAPES
BP2,48,48,0,1.0,0.0,tool_specific,TAPES
BP3,1,0,1,0.0,1.0,tool_specific,TAPES
BP4,646,0,646,0.0,1.0,tool_specific,TAPES
BP5,55,55,0,1.0,0.0,tool_specific,TAPES
BP6,0,0,0,0.0,0.0,tool_specific,TAPES
BP7,131,0,131,0.0,1.0,tool_specific,TAPES
PVS1,0,0,0,0.0,0.0,tool_specific,VIP-HL
PS1,0,0,0,0.0,0.0,tool_specific,VIP-HL
PS2,0,0,0,0.0,0.0,tool_specific,VIP-HL
PS3,4,4,0,1.0,0.0,tool_specific,VIP-HL
PS4,0,0,0,0.0,0.0,tool_specific,VIP-HL
PM1,0,0,0,0.0,0.0,tool_specific,VIP-HL
PM2,0,0,0,0.0,0.0,tool_specific,VIP-HL
PM3,27,27,0,1.0,0.0,tool_specific,VIP-HL
PM4,0,0,0,0.0,0.0,tool_specific,VIP-HL
PM5,0,0,0,0.0,0.0,tool_specific,VIP-HL
PM6,0,0,0,0.0,0.0,tool_specific,VIP-HL
PP1,1,1,0,1.0,0.0,tool_specific,VIP-HL
PP2,0,0,0,0.0,0.0,tool_specific,VIP-HL
PP3,2,0,2,0.0,1.0,tool_specific,VIP-HL
PP4,11,11,0,1.0,0.0,tool_specific,VIP-HL
PP5,0,0,0,0.0,0.0,tool_specific,VIP-HL
BA1,0,0,0,0.0,0.0,tool_specific,VIP-HL
BS1,1,0,1,0.0,1.0,tool_specific,VIP-HL
BS2,2,0,2,0.0,1.0,tool_specific,VIP-HL
BS3,3,3,0,1.0,0.0,tool_specific,VIP-HL
BS4,0,0,0,0.0,0.0,tool_specific,VIP-HL
BP1,0,0,0,0.0,0.0,tool_specific,VIP-HL
BP2,1,1,0,1.0,0.0,tool_specific,VIP-HL
BP3,0,0,0,0.0,0.0,tool_specific,VIP-HL
BP4,1,0,1,0.0,1.0,tool_specific,VIP-HL
BP5,0,0,0,0.0,0.0,tool_specific,VIP-HL
BP6,0,0,0,0.0,0.0,tool_specific,VIP-HL
BP7,3,0,3,0.0,1.0,tool_specific,VIP-HL
