dataset,tool,discordance_type,criterion,count,proportion
clingen_28012026,AutoGVP,missing,PP4,2990,0.3383501188186036
clingen_28012026,AutoGVP,missing,PS4,1756,0.1987099694466448
clingen_28012026,AutoGVP,missing,PM3,1726,0.19531515220097317
clingen_28012026,AutoGVP,missing,PS3,1241,0.14043227339594885
clingen_28012026,AutoGVP,missing,BP4,1099,0.12436347176643657
clingen_28012026,AutoGVP,missing,PP1,1096,0.12402399004186941
clingen_28012026,AutoGVP,missing,PM5,798,0.09030213873486477
clingen_28012026,AutoGVP,missing,BA1,724,0.08192825619554148
clingen_28012026,AutoGVP,missing,BS2,650,0.07355437365621817
clingen_28012026,AutoGVP,missing,PP2,587,0.06642525744030779
clingen_28012026,AutoGVP,additional,PM1,4099,0.4638451963335974
clingen_28012026,AutoGVP,additional,BP1,2605,0.2947832974991513
clingen_28012026,AutoGVP,additional,PP5,2383,0.2696616498811814
clingen_28012026,AutoGVP,additional,PP3,2355,0.2664931537852212
clingen_28012026,AutoGVP,additional,PM2,1928,0.21817358832182868
clingen_28012026,AutoGVP,additional,BP6,1172,0.13262419373090414
clingen_28012026,AutoGVP,additional,PP2,890,0.10071291162159103
clingen_28012026,AutoGVP,additional,BS1,485,0.05488287880502433
clingen_28012026,AutoGVP,additional,BP4,472,0.053411791331899966
clingen_28012026,AutoGVP,additional,BP7,339,0.03836143487608917
clingen_28012026,BIAS,missing,PP4,1689,0.3196442089326268
clingen_28012026,BIAS,missing,PS4,961,0.18186979560938682
clingen_28012026,BIAS,missing,PM3,932,0.17638152914458743
clingen_28012026,BIAS,missing,PP1,676,0.1279333838001514
clingen_28012026,BIAS,missing,PM1,466,0.08819076457229372
clingen_28012026,BIAS,missing,PM2,391,0.07399697199091597
clingen_28012026,BIAS,missing,BA1,321,0.06074943224829674
clingen_28012026,BIAS,missing,PM5,315,0.059613928841786526
clingen_28012026,BIAS,missing,BP4,258,0.04882664647993944
clingen_28012026,BIAS,missing,PS3,244,0.04617713853141559
clingen_28012026,BIAS,additional,BP4,1880,0.3557910673732021
clingen_28012026,BIAS,additional,PP5,1843,0.3487887963663891
clingen_28012026,BIAS,additional,BP6,1211,0.22918243754731263
clingen_28012026,BIAS,additional,PS3,802,0.151778955336866
clingen_28012026,BIAS,additional,PM1,766,0.14496593489780468
clingen_28012026,BIAS,additional,PS4,720,0.13626040878122633
clingen_28012026,BIAS,additional,BS2,689,0.13039364118092353
clingen_28012026,BIAS,additional,PP3,559,0.10579106737320212
clingen_28012026,BIAS,additional,PM2,482,0.09121877365632097
clingen_28012026,BIAS,additional,PP2,313,0.059235427706283116
clingen_28012026,CPSR,missing,BP4,748,0.37606837606837606
clingen_28012026,CPSR,missing,PS4,368,0.18501759678230267
clingen_28012026,CPSR,missing,PM5,289,0.1452991452991453
clingen_28012026,CPSR,missing,PM1,215,0.10809451985922575
clingen_28012026,CPSR,missing,PS3,200,0.10055304172951232
clingen_28012026,CPSR,missing,BA1,130,0.06535947712418301
clingen_28012026,CPSR,missing,PP4,125,0.0628456510809452
clingen_28012026,CPSR,missing,PP1,100,0.05027652086475616
clingen_28012026,CPSR,missing,PM3,100,0.05027652086475616
clingen_28012026,CPSR,missing,BP2,94,0.04725992961287079
clingen_28012026,CPSR,additional,PM2,401,0.2016088486676722
clingen_28012026,CPSR,additional,PP3,211,0.10608345902463549
clingen_28012026,CPSR,additional,BP1,201,0.10105580693815988
clingen_28012026,CPSR,additional,PM6,176,0.08848667672197084
clingen_28012026,CPSR,additional,BS1,166,0.08345902463549522
clingen_28012026,CPSR,additional,BP7,111,0.05580693815987934
clingen_28012026,CPSR,additional,BP3,86,0.043237807943690296
clingen_28012026,CPSR,additional,PM1,40,0.020110608345902465
clingen_28012026,CPSR,additional,BP4,34,0.017094017094017096
clingen_28012026,CPSR,additional,PP2,27,0.013574660633484163
clingen_28012026,CancerSIGVAR,missing,PS4,95,0.33807829181494664
clingen_28012026,CancerSIGVAR,missing,PM5,72,0.25622775800711745
clingen_28012026,CancerSIGVAR,missing,BS2,36,0.12811387900355872
clingen_28012026,CancerSIGVAR,missing,BP4,35,0.12455516014234876
clingen_28012026,CancerSIGVAR,missing,PM3,33,0.11743772241992882
clingen_28012026,CancerSIGVAR,missing,PS3,29,0.10320284697508897
clingen_28012026,CancerSIGVAR,missing,PP2,29,0.10320284697508897
clingen_28012026,CancerSIGVAR,missing,BS3,27,0.09608540925266904
clingen_28012026,CancerSIGVAR,missing,PP1,21,0.07473309608540925
clingen_28012026,CancerSIGVAR,missing,PP4,20,0.0711743772241993
clingen_28012026,CancerSIGVAR,additional,PP5,87,0.3096085409252669
clingen_28012026,CancerSIGVAR,additional,PP3,56,0.199288256227758
clingen_28012026,CancerSIGVAR,additional,PM2,39,0.1387900355871886
clingen_28012026,CancerSIGVAR,additional,BP6,32,0.11387900355871886
clingen_28012026,CancerSIGVAR,additional,BP4,16,0.05693950177935943
clingen_28012026,CancerSIGVAR,additional,PM5,12,0.042704626334519574
clingen_28012026,CancerSIGVAR,additional,BP2,8,0.028469750889679714
clingen_28012026,CancerSIGVAR,additional,BP7,5,0.017793594306049824
clingen_28012026,CancerSIGVAR,additional,PS1,4,0.014234875444839857
clingen_28012026,CancerSIGVAR,additional,PVS1,3,0.010676156583629894
clingen_28012026,CharGer_Local,missing,PP3,798,0.29124087591240877
clingen_28012026,CharGer_Local,missing,BP4,527,0.19233576642335767
clingen_28012026,CharGer_Local,missing,PP4,519,0.1894160583941606
clingen_28012026,CharGer_Local,missing,PM1,503,0.18357664233576643
clingen_28012026,CharGer_Local,missing,PS4,377,0.1375912408759124
clingen_28012026,CharGer_Local,missing,PM3,197,0.0718978102189781
clingen_28012026,CharGer_Local,missing,PM5,175,0.06386861313868614
clingen_28012026,CharGer_Local,missing,PP2,132,0.04817518248175182
clingen_28012026,CharGer_Local,missing,PS3,124,0.04525547445255475
clingen_28012026,CharGer_Local,missing,BP7,119,0.04343065693430657
clingen_28012026,CharGer_Local,additional,PM2,696,0.25401459854014596
clingen_28012026,CharGer_Local,additional,PP3,377,0.1375912408759124
clingen_28012026,CharGer_Local,additional,BP4,363,0.13248175182481753
clingen_28012026,CharGer_Online,missing,PP3,1415,0.4281391830559758
clingen_28012026,CharGer_Online,missing,PP4,887,0.26838124054462936
clingen_28012026,CharGer_Online,missing,BP4,800,0.24205748865355523
clingen_28012026,CharGer_Online,missing,PS4,726,0.21966717095310137
clingen_28012026,CharGer_Online,missing,PM1,646,0.19546142208774583
clingen_28012026,CharGer_Online,missing,PM3,471,0.14251134644478064
clingen_28012026,CharGer_Online,missing,PS3,458,0.13857791225416036
clingen_28012026,CharGer_Online,missing,PP1,369,0.11164901664145234
clingen_28012026,CharGer_Online,missing,PVS1,338,0.10226928895612708
clingen_28012026,CharGer_Online,missing,PM5,295,0.08925869894099848
clingen_28012026,CharGer_Online,additional,PM2,831,0.2514372163388805
clingen_28012026,CharGer_Online,additional,PS1,707,0.21391830559757943
clingen_28012026,CharGer_Online,additional,BP4,43,0.013010590015128594
clingen_28012026,CharGer_Online,additional,PP3,11,0.0033282904689863843
clingen_28012026,DiabloACMG,missing,PP4,2393,0.3665747549019608
clingen_28012026,DiabloACMG,missing,PS4,1402,0.21476715686274508
clingen_28012026,DiabloACMG,missing,PM3,1352,0.20710784313725492
clingen_28012026,DiabloACMG,missing,PP1,886,0.13572303921568626
clingen_28012026,DiabloACMG,missing,BP4,745,0.11412377450980392
clingen_28012026,DiabloACMG,missing,PM5,588,0.0900735294117647
clingen_28012026,DiabloACMG,missing,PM1,583,0.08930759803921569
clingen_28012026,DiabloACMG,missing,PP2,495,0.07582720588235294
clingen_28012026,DiabloACMG,missing,PS3,433,0.0663296568627451
clingen_28012026,DiabloACMG,missing,BS1,432,0.0661764705882353
clingen_28012026,DiabloACMG,additional,PP5,3062,0.4690563725490196
clingen_28012026,DiabloACMG,additional,BP1,1861,0.2850796568627451
clingen_28012026,DiabloACMG,additional,PP3,1813,0.2777267156862745
clingen_28012026,DiabloACMG,additional,PM2,1573,0.24096200980392157
clingen_28012026,DiabloACMG,additional,BP6,1367,0.20940563725490197
clingen_28012026,DiabloACMG,additional,BS3,1220,0.1868872549019608
clingen_28012026,DiabloACMG,additional,PS3,1192,0.18259803921568626
clingen_28012026,DiabloACMG,additional,PM1,1142,0.17493872549019607
clingen_28012026,DiabloACMG,additional,PS1,883,0.13526348039215685
clingen_28012026,DiabloACMG,additional,PP2,579,0.08869485294117647
clingen_28012026,Exomiser,missing,PS4,23,0.5227272727272727
clingen_28012026,Exomiser,missing,PS3,14,0.3181818181818182
clingen_28012026,Exomiser,missing,PP1,11,0.25
clingen_28012026,Exomiser,missing,PM2,11,0.25
clingen_28012026,Exomiser,missing,PP4,11,0.25
clingen_28012026,Exomiser,missing,PS2,10,0.22727272727272727
clingen_28012026,Exomiser,missing,PM3,10,0.22727272727272727
clingen_28012026,Exomiser,missing,PP2,4,0.09090909090909091
clingen_28012026,Exomiser,missing,PVS1,4,0.09090909090909091
clingen_28012026,Exomiser,missing,PM6,4,0.09090909090909091
clingen_28012026,Exomiser,additional,PP5,35,0.7954545454545454
clingen_28012026,Exomiser,additional,PM5,9,0.20454545454545456
clingen_28012026,Exomiser,additional,PM1,5,0.11363636363636363
clingen_28012026,Exomiser,additional,PVS1,5,0.11363636363636363
clingen_28012026,Exomiser,additional,PP3,4,0.09090909090909091
clingen_28012026,Franklin,missing,PP4,576,0.1574200601257174
clingen_28012026,Franklin,missing,BA1,218,0.0595791199781361
clingen_28012026,Franklin,missing,PM3,209,0.057119431538671765
clingen_28012026,Franklin,missing,PS4,189,0.051653457228751025
clingen_28012026,Franklin,missing,PP1,180,0.04919376878928669
clingen_28012026,Franklin,missing,PS3,142,0.03880841760043728
clingen_28012026,Franklin,missing,BP4,130,0.03552883301448483
clingen_28012026,Franklin,missing,BS1,123,0.03361574200601257
clingen_28012026,Franklin,missing,PVS1,67,0.01831101393823449
clingen_28012026,Franklin,missing,PM1,50,0.013664935774801858
clingen_28012026,Franklin,additional,PP5,2874,0.7854605083356109
clingen_28012026,Franklin,additional,PP2,1406,0.38425799398742827
clingen_28012026,Franklin,additional,PM1,1100,0.3006285870456409
clingen_28012026,Franklin,additional,PM5,842,0.2301175184476633
clingen_28012026,Franklin,additional,BP6,609,0.16643891773708663
clingen_28012026,Franklin,additional,PM2,467,0.12763050013664937
clingen_28012026,Franklin,additional,PP3,287,0.07843673134736266
clingen_28012026,Franklin,additional,BS2,222,0.06067231484012025
clingen_28012026,Franklin,additional,BS1,151,0.041268106039901616
clingen_28012026,Franklin,additional,PS1,97,0.026509975403115605
clingen_28012026,Genebe,missing,PP4,740,0.4792746113989637
clingen_28012026,Genebe,missing,PM3,510,0.33031088082901555
clingen_28012026,Genebe,missing,PS4,299,0.19365284974093264
clingen_28012026,Genebe,missing,PP1,227,0.14702072538860103
clingen_28012026,Genebe,missing,PM5,178,0.11528497409326424
clingen_28012026,Genebe,missing,PM2,112,0.07253886010362694
clingen_28012026,Genebe,missing,BA1,65,0.04209844559585492
clingen_28012026,Genebe,missing,PS3,56,0.03626943005181347
clingen_28012026,Genebe,missing,BP7,44,0.02849740932642487
clingen_28012026,Genebe,missing,PS2,39,0.025259067357512953
clingen_28012026,Genebe,additional,PP5,430,0.27849740932642486
clingen_28012026,Genebe,additional,PM1,194,0.12564766839378239
clingen_28012026,Genebe,additional,PP2,151,0.0977979274611399
clingen_28012026,Genebe,additional,BP6,141,0.09132124352331607
clingen_28012026,Genebe,additional,BP4,115,0.0744818652849741
clingen_28012026,Genebe,additional,PM5,92,0.05958549222797927
clingen_28012026,Genebe,additional,BS2,84,0.054404145077720206
clingen_28012026,Genebe,additional,PP3,80,0.05181347150259067
clingen_28012026,Genebe,additional,PS3,75,0.048575129533678756
clingen_28012026,Genebe,additional,PM2,59,0.03821243523316062
clingen_28012026,InterVar_2018,missing,PP4,741,0.2601825842696629
clingen_28012026,InterVar_2018,missing,PS4,453,0.15905898876404495
clingen_28012026,InterVar_2018,missing,BP4,410,0.14396067415730338
clingen_28012026,InterVar_2018,missing,PM3,392,0.13764044943820225
clingen_28012026,InterVar_2018,missing,PM5,254,0.08918539325842696
clingen_28012026,InterVar_2018,missing,PS3,207,0.07268258426966293
clingen_28012026,InterVar_2018,missing,PP1,177,0.06214887640449438
clingen_28012026,InterVar_2018,missing,PP2,135,0.047401685393258425
clingen_28012026,InterVar_2018,missing,BS2,123,0.04318820224719101
clingen_28012026,InterVar_2018,missing,BS1,104,0.03651685393258427
clingen_28012026,InterVar_2018,additional,PM1,1337,0.46945224719101125
clingen_28012026,InterVar_2018,additional,PP3,955,0.33532303370786515
clingen_28012026,InterVar_2018,additional,PM2,627,0.22015449438202248
clingen_28012026,InterVar_2018,additional,PP5,564,0.19803370786516855
clingen_28012026,InterVar_2018,additional,BP1,374,0.13132022471910113
clingen_28012026,InterVar_2018,additional,BP6,247,0.08672752808988764
clingen_28012026,InterVar_2018,additional,BP4,143,0.05021067415730337
clingen_28012026,InterVar_2018,additional,PP2,131,0.045997191011235956
clingen_28012026,InterVar_2018,additional,BS1,111,0.038974719101123594
clingen_28012026,InterVar_2018,additional,BP7,59,0.02071629213483146
clingen_28012026,InterVar_2025,missing,PM2,1949,0.5496333897349126
clingen_28012026,InterVar_2025,missing,PP4,830,0.23406655386350816
clingen_28012026,InterVar_2025,missing,PS4,459,0.12944162436548223
clingen_28012026,InterVar_2025,missing,BP4,419,0.11816130851663846
clingen_28012026,InterVar_2025,missing,PM3,412,0.1161872532430908
clingen_28012026,InterVar_2025,missing,BS2,321,0.09052453468697123
clingen_28012026,InterVar_2025,missing,PP1,232,0.06542583192329385
clingen_28012026,InterVar_2025,missing,PM5,199,0.05611957134799774
clingen_28012026,InterVar_2025,missing,PS3,152,0.04286520022560632
clingen_28012026,InterVar_2025,missing,BS3,151,0.04258319232938522
clingen_28012026,InterVar_2025,additional,BS1,2811,0.7927241962774958
clingen_28012026,InterVar_2025,additional,PP3,1223,0.3448956570783982
clingen_28012026,InterVar_2025,additional,BP6,1200,0.338409475465313
clingen_28012026,InterVar_2025,additional,PM1,1188,0.3350253807106599
clingen_28012026,InterVar_2025,additional,PP5,851,0.23998871968415117
clingen_28012026,InterVar_2025,additional,BP1,294,0.0829103214890017
clingen_28012026,InterVar_2025,additional,PP2,270,0.07614213197969544
clingen_28012026,InterVar_2025,additional,BP4,136,0.03835307388606881
clingen_28012026,InterVar_2025,additional,PM2,78,0.021996615905245348
clingen_28012026,InterVar_2025,additional,BP7,70,0.019740552735476594
clingen_28012026,TAPES,missing,PP4,1056,0.2665320545179202
clingen_28012026,TAPES,missing,PS4,674,0.1701161029782938
clingen_28012026,TAPES,missing,BP4,646,0.16304896516910652
clingen_28012026,TAPES,missing,PM3,544,0.13730439172135286
clingen_28012026,TAPES,missing,PM5,362,0.09136799596163554
clingen_28012026,TAPES,missing,PP1,300,0.0757193336698637
clingen_28012026,TAPES,missing,PS3,270,0.06814740030287733
clingen_28012026,TAPES,missing,PP2,199,0.05022715800100959
clingen_28012026,TAPES,missing,BP7,131,0.033064109035840485
clingen_28012026,TAPES,missing,BS2,124,0.031297324583543666
clingen_28012026,TAPES,additional,PM1,1649,0.41620393740535083
clingen_28012026,TAPES,additional,PP3,1369,0.34553255931347804
clingen_28012026,TAPES,additional,PP5,901,0.22741039878849065
clingen_28012026,TAPES,additional,PM2,644,0.1625441696113074
clingen_28012026,TAPES,additional,BS1,233,0.058808682483594145
clingen_28012026,TAPES,additional,BP4,195,0.04921756688541141
clingen_28012026,TAPES,additional,BP6,149,0.03760726905603231
clingen_28012026,TAPES,additional,BS3,109,0.02751135790005048
clingen_28012026,TAPES,additional,PVS1,39,0.009843513377082282
clingen_28012026,TAPES,additional,PS3,37,0.00933871781928319
clingen_28012026,VIP-HL,missing,PM3,27,0.47368421052631576
clingen_28012026,VIP-HL,missing,PP4,11,0.19298245614035087
clingen_28012026,VIP-HL,missing,PS3,4,0.07017543859649122
clingen_28012026,VIP-HL,missing,BS3,3,0.05263157894736842
clingen_28012026,VIP-HL,missing,BP7,3,0.05263157894736842
clingen_28012026,VIP-HL,missing,PP3,2,0.03508771929824561
clingen_28012026,VIP-HL,missing,BS2,2,0.03508771929824561
clingen_28012026,VIP-HL,missing,BS1,1,0.017543859649122806
clingen_28012026,VIP-HL,missing,BP4,1,0.017543859649122806
clingen_28012026,VIP-HL,missing,PP1,1,0.017543859649122806
clingen_28012026,VIP-HL,additional,PM2,19,0.3333333333333333
clingen_28012026,VIP-HL,additional,BS2,10,0.17543859649122806
clingen_28012026,VIP-HL,additional,BP4,7,0.12280701754385964
clingen_28012026,VIP-HL,additional,PM5,3,0.05263157894736842
clingen_28012026,VIP-HL,additional,PP3,1,0.017543859649122806
clingen_28012026,VIP-HL,additional,PM1,1,0.017543859649122806
clingen_28012026,VIP-HL,additional,BP7,1,0.017543859649122806
foxl2,AutoGVP,missing,PP4,35,1.0
foxl2,AutoGVP,missing,PS4,11,0.3142857142857143
foxl2,AutoGVP,missing,PP1,9,0.2571428571428571
foxl2,AutoGVP,missing,PM5,9,0.2571428571428571
foxl2,AutoGVP,missing,PS1,8,0.22857142857142856
foxl2,AutoGVP,missing,PM6,3,0.08571428571428572
foxl2,AutoGVP,missing,PS3,3,0.08571428571428572
foxl2,AutoGVP,missing,PS2,1,0.02857142857142857
foxl2,AutoGVP,additional,PP5,20,0.5714285714285714
foxl2,AutoGVP,additional,PP3,15,0.42857142857142855
foxl2,AutoGVP,additional,PM1,6,0.17142857142857143
foxl2,AutoGVP,additional,PM5,2,0.05714285714285714
foxl2,BIAS,missing,PP4,58,0.9830508474576272
foxl2,BIAS,missing,PM1,25,0.423728813559322
foxl2,BIAS,missing,PS4,13,0.22033898305084745
foxl2,BIAS,missing,PP1,12,0.2033898305084746
foxl2,BIAS,missing,PS2,11,0.1864406779661017
foxl2,BIAS,missing,PS1,7,0.11864406779661017
foxl2,BIAS,missing,PM5,7,0.11864406779661017
foxl2,BIAS,missing,PM6,4,0.06779661016949153
foxl2,BIAS,missing,PP5,1,0.01694915254237288
foxl2,BIAS,missing,PM4,1,0.01694915254237288
foxl2,BIAS,additional,PP5,19,0.3220338983050847
foxl2,BIAS,additional,PS1,14,0.23728813559322035
foxl2,BIAS,additional,PS3,14,0.23728813559322035
foxl2,BIAS,additional,PP3,7,0.11864406779661017
foxl2,BIAS,additional,BP4,5,0.0847457627118644
foxl2,BIAS,additional,PM5,3,0.05084745762711865
foxl2,BIAS,additional,PVS1,1,0.01694915254237288
foxl2,DiabloACMG,missing,PP4,39,1.0
foxl2,DiabloACMG,missing,PS1,15,0.38461538461538464
foxl2,DiabloACMG,missing,PS4,15,0.38461538461538464
foxl2,DiabloACMG,missing,PM1,14,0.358974358974359
foxl2,DiabloACMG,missing,PP1,10,0.2564102564102564
foxl2,DiabloACMG,missing,PM5,8,0.20512820512820512
foxl2,DiabloACMG,missing,PM6,7,0.1794871794871795
foxl2,DiabloACMG,missing,PS2,4,0.10256410256410256
foxl2,DiabloACMG,missing,PM2,1,0.02564102564102564
foxl2,DiabloACMG,additional,PP5,23,0.5897435897435898
foxl2,DiabloACMG,additional,PP3,19,0.48717948717948717
foxl2,DiabloACMG,additional,PS1,14,0.358974358974359
foxl2,DiabloACMG,additional,PS3,1,0.02564102564102564
foxl2,Franklin,missing,PP4,100,1.0
foxl2,Franklin,missing,PS1,35,0.35
foxl2,Franklin,missing,PP1,17,0.17
foxl2,Franklin,missing,PS2,16,0.16
foxl2,Franklin,missing,PS4,14,0.14
foxl2,Franklin,missing,PM6,12,0.12
foxl2,Franklin,missing,PS3,5,0.05
foxl2,Franklin,missing,PM5,3,0.03
foxl2,Franklin,missing,PM4,2,0.02
foxl2,Franklin,missing,PM1,1,0.01
foxl2,Franklin,additional,PP2,37,0.37
foxl2,Franklin,additional,PP5,28,0.28
foxl2,Franklin,additional,PM5,11,0.11
foxl2,Franklin,additional,PM1,8,0.08
foxl2,Franklin,additional,PS2,5,0.05
foxl2,Franklin,additional,PP3,5,0.05
foxl2,Franklin,additional,PS1,4,0.04
foxl2,Franklin,additional,PS3,2,0.02
foxl2,Franklin,additional,PS4,2,0.02
foxl2,Franklin,additional,BP3,2,0.02
foxl2,Genebe,missing,PP4,118,0.9915966386554622
foxl2,Genebe,missing,PS4,46,0.3865546218487395
foxl2,Genebe,missing,PS1,38,0.31932773109243695
foxl2,Genebe,missing,PP1,35,0.29411764705882354
foxl2,Genebe,missing,PS2,33,0.2773109243697479
foxl2,Genebe,missing,PM2,21,0.17647058823529413
foxl2,Genebe,missing,PM6,17,0.14285714285714285
foxl2,Genebe,missing,PS3,6,0.05042016806722689
foxl2,Genebe,missing,PM5,5,0.04201680672268908
foxl2,Genebe,missing,PM4,1,0.008403361344537815
foxl2,Genebe,additional,PP2,50,0.42016806722689076
foxl2,Genebe,additional,PP5,44,0.3697478991596639
foxl2,Genebe,additional,PP3,12,0.10084033613445378
foxl2,Genebe,additional,PS3,8,0.06722689075630252
foxl2,Genebe,additional,PM5,7,0.058823529411764705
foxl2,Genebe,additional,PM1,6,0.05042016806722689
foxl2,Genebe,additional,PS1,2,0.01680672268907563
foxl2,Genebe,additional,BP3,1,0.008403361344537815
foxl2,InterVar_2018,missing,PP4,8,1.0
foxl2,InterVar_2018,missing,PM5,4,0.5
foxl2,InterVar_2018,missing,PP1,2,0.25
foxl2,InterVar_2018,additional,PP5,5,0.625
foxl2,InterVar_2018,additional,PP3,2,0.25
foxl2,InterVar_2025,missing,PM2,12,1.0
foxl2,InterVar_2025,missing,PP4,12,1.0
foxl2,InterVar_2025,missing,PS1,7,0.5833333333333334
foxl2,InterVar_2025,missing,PS4,7,0.5833333333333334
foxl2,InterVar_2025,missing,PP1,4,0.3333333333333333
foxl2,InterVar_2025,missing,PM6,3,0.25
foxl2,InterVar_2025,missing,PS3,1,0.08333333333333333
foxl2,InterVar_2025,missing,PS2,1,0.08333333333333333
foxl2,InterVar_2025,additional,BS1,12,1.0
foxl2,InterVar_2025,additional,PP3,12,1.0
foxl2,InterVar_2025,additional,PP5,8,0.6666666666666666
foxl2,InterVar_2025,additional,PM1,3,0.25
foxl2,TAPES,missing,PP4,10,1.0
foxl2,TAPES,missing,PM5,4,0.4
foxl2,TAPES,missing,PP1,2,0.2
foxl2,TAPES,additional,PP5,5,0.5
foxl2,TAPES,additional,PP3,4,0.4
foxl2,VIP-HL,missing,PP4,6,1.0
foxl2,VIP-HL,missing,PM1,2,0.3333333333333333
foxl2,VIP-HL,missing,PP1,2,0.3333333333333333
foxl2,VIP-HL,missing,BP4,1,0.16666666666666666
