criterion,n_missing,missing_rate,n_additional,additional_rate,denominator
PM1,2905,0.06264421107109741,12049,0.2598279171069372,46373
PP5,0,0.0,13061,0.28165096068833156,46373
PP3,3018,0.06508097384253768,9981,0.2152330019623488,46373
PP4,12588,0.2714510598839842,2,4.3128544627261554e-05,46373
PM2,2711,0.05846074224225303,9291,0.20035365406594355,46373
BP4,5857,0.12630194294093547,4120,0.0888448019321588,46373
PS4,7782,0.1678131671446747,868,0.018717788368231514,46373
PM3,6915,0.1491169430487568,90,0.0019407845082267698,46373
BS1,1605,0.0346106570633774,4608,0.09936816682121062,46373
BP6,0,0.0,6154,0.1327065318180838,46373
PP2,2135,0.04603972138960171,3843,0.08287149850128307,46373
BP1,121,0.002609276949949324,5687,0.12263601664761822,46373
PS3,3574,0.07707070924891639,2198,0.047398270545360444,46373
PM5,3556,0.07668255234727105,1674,0.03609859185301792,46373
PP1,4376,0.09436525564444828,32,0.0006900567140361849,46373
BS2,2059,0.044400836693765766,1131,0.024389191986716408,46373
PS1,452,0.009747051085761111,1881,0.04056239622193949,46373
BS3,962,0.020744829965712808,1340,0.02889612490026524,46373
BP7,1007,0.02171522221982619,938,0.02022728743018567,46373
BA1,1537,0.033144286546050505,7,0.00015094990619541544,46373
PVS1,875,0.01886873827442693,381,0.008215987751493325,46373
PS2,1163,0.025079248700752593,16,0.00034502835701809243,46373
PM6,842,0.018157117288077115,186,0.004010954650335324,46373
BP2,722,0.01556940461044142,8,0.00017251417850904622,46373
BP5,720,0.015526276065814158,0,0.0,46373
PM4,297,0.006404588877148341,53,0.001142906432622431,46373
BS4,104,0.0022426843206176006,3,6.469281694089233e-05,46373
BP3,4,8.625708925452311e-05,92,0.0019839130528540314,46373
