dataset,tool,n_classification_concordant_with_evaluable_evidence,exact_evidence_match_rate,mean_criterion_jaccard,median_criterion_jaccard,q1_criterion_jaccard,q3_criterion_jaccard,jaccard_1.00,jaccard_0.75_to_1.00,jaccard_0.50_to_0.75,jaccard_0.25_to_0.50,jaccard_0.00_to_0.25,jaccard_0.00
clingen_28012026,AutoGVP,9160,0.03526200873362446,0.3195906271070027,0.3,0.1666666666666666,0.4,0.03526200873362446,0.018668122270742358,0.1814410480349345,0.4398471615720524,0.15262008733624455,0.17216157205240173
clingen_28012026,BIAS,5726,0.07719175689835836,0.39262536421547944,0.3333333333333333,0.25,0.5,0.07719175689835836,0.023751309814879495,0.2492141110723018,0.41128187216206774,0.14477820468040517,0.09378274537198743
clingen_28012026,CPSR,2135,0.06838407494145199,0.4381692130404074,0.5,0.2857142857142857,0.6666666666666666,0.06838407494145199,0.002810304449648712,0.4674473067915691,0.2716627634660422,0.047306791569086654,0.14238875878220142
clingen_28012026,CancerSIGVAR,312,0.09935897435897435,0.4402892246642247,0.4,0.2767857142857143,0.5,0.09935897435897435,0.009615384615384616,0.3333333333333333,0.3974358974358974,0.10897435897435898,0.05128205128205128
clingen_28012026,CharGer_Local,3235,0.15301391035548687,0.43292559063810987,0.3333333333333333,0.25,0.5,0.15301391035548687,0.0,0.33941267387944357,0.31715610510046366,0.02194744976816074,0.16846986089644514
clingen_28012026,CharGer_Online,3715,0.11036339165545088,0.33853245005331145,0.3333333333333333,0.1428571428571428,0.5,0.11036339165545088,0.0,0.24037685060565275,0.27510094212651415,0.15208613728129206,0.22207267833109018
clingen_28012026,DiabloACMG,6687,0.023777478689995513,0.31526655264878684,0.3,0.2,0.4,0.023777478689995513,0.016150740242261104,0.1480484522207268,0.5057574398085838,0.18917302228203978,0.11709286675639301
clingen_28012026,Exomiser,46,0.043478260869565216,0.30934265010351963,0.26785714285714285,0.17499999999999996,0.375,0.043478260869565216,0.0,0.15217391304347827,0.391304347826087,0.32608695652173914,0.08695652173913043
clingen_28012026,Franklin,3725,0.017718120805369126,0.5462999871120676,0.5714285714285714,0.4,0.75,0.017718120805369126,0.24375838926174498,0.42416107382550333,0.21610738255033557,0.05530201342281879,0.042953020134228186
clingen_28012026,Genebe,9704,0.8408903544929925,0.9102208711184391,1.0,1.0,1.0,0.8408903544929925,0.004225061830173124,0.08491343775762572,0.04410552349546579,0.018549051937345424,0.007316570486397362
clingen_28012026,InterVar_2018,3188,0.10664993726474278,0.4268826800900201,0.375,0.25,0.5,0.10664993726474278,0.026662484316185696,0.27007528230865746,0.40213299874529485,0.09912170639899624,0.09535759096612297
clingen_28012026,InterVar_2025,3560,0.003932584269662922,0.22428571428571428,0.2,0.0,0.3333333333333333,0.003932584269662922,0.013764044943820225,0.12752808988764044,0.2792134831460674,0.31825842696629214,0.2573033707865168
clingen_28012026,TAPES,4324,0.08371877890841813,0.4075740055504163,0.3333333333333333,0.25,0.5,0.08371877890841813,0.017113783533765033,0.2913968547641073,0.4259944495837188,0.07215541165587419,0.10962072155411656
clingen_28012026,VIP-HL,88,0.3522727272727273,0.6195075757575758,0.5,0.3333333333333333,1.0,0.3522727272727273,0.011363636363636364,0.3522727272727273,0.20454545454545456,0.011363636363636364,0.06818181818181818
foxl2,AutoGVP,35,0.0,0.4326077097505669,0.5,0.2857142857142857,0.5,0.0,0.08571428571428572,0.45714285714285713,0.34285714285714286,0.11428571428571428,0.0
foxl2,BIAS,59,0.0,0.40422383642722626,0.3333333333333333,0.3333333333333333,0.4,0.0,0.13559322033898305,0.1016949152542373,0.6779661016949152,0.0847457627118644,0.0
foxl2,DiabloACMG,39,0.0,0.321978021978022,0.2857142857142857,0.25,0.3333333333333333,0.0,0.0,0.1282051282051282,0.8461538461538461,0.02564102564102564,0.0
foxl2,Franklin,100,0.0,0.46284920634920645,0.5,0.4,0.5,0.0,0.0,0.58,0.39,0.03,0.0
foxl2,Genebe,119,0.0,0.3657029478458049,0.3333333333333333,0.26785714285714285,0.4444444444444444,0.0,0.0,0.24369747899159663,0.6302521008403361,0.11764705882352941,0.008403361344537815
foxl2,InterVar_2018,8,0.0,0.4604166666666667,0.5,0.4583333333333333,0.5,0.0,0.0,0.75,0.25,0.0,0.0
foxl2,InterVar_2025,12,0.0,0.09328703703703704,0.1111111111111111,0.07500000000000001,0.125,0.0,0.0,0.0,0.0,0.75,0.25
foxl2,TAPES,10,0.0,0.45166666666666666,0.5,0.375,0.5,0.0,0.0,0.7,0.3,0.0,0.0
foxl2,VIP-HL,6,0.0,0.4194444444444445,0.41666666666666663,0.3333333333333333,0.5,0.0,0.0,0.5,0.5,0.0,0.0
clingen_28012026,POOLED,55605,0.19748224080568294,0.4653006133232731,0.4,0.25,0.6666666666666666,0.19748224080568294,0.028450678895782754,0.21920690585379013,0.32200341695890655,0.11556514701915295,0.11729161046668465
foxl2,POOLED,388,0.0,0.39481263295696284,0.4,0.2857142857142857,0.5,0.0,0.028350515463917526,0.33505154639175255,0.5335051546391752,0.09278350515463918,0.010309278350515464
