dataset,tool,n_evaluated,n_classification_concordant,classification_concordance_rate,n_exact_evidence_concordant,exact_evidence_concordance_rate,n_class_concordant_evidence_discordant,evidence_discordance_given_class_concordance,median_jaccard_all,median_jaccard_class_concordant
clingen_28012026,InterVar_2018,7254,3347,0.4614006065618969,340.0,0.10191846522781775,2996.0,0.8980815347721822,0.3333333333333333,0.3333333333333333
clingen_28012026,InterVar_2025,9509,3704,0.3895257124829109,14.0,0.0037817396002160996,3688.0,0.9962182603997839,0.1428571428571428,0.1666666666666666
clingen_28012026,BIAS,11407,5927,0.5195932322258262,442.0,0.07485182049110924,5463.0,0.9251481795088907,0.3333333333333333,0.3333333333333333
clingen_28012026,CharGer_Local,9803,3497,0.3567275323880445,495.0,0.14215967834577828,2987.0,0.8578403216542217,0.25,0.3333333333333333
clingen_28012026,CharGer_Online,9803,3960,0.4039579720493726,410.0,0.10353535353535354,3550.0,0.8964646464646465,0.2,0.25
clingen_28012026,DiabloACMG,9803,6906,0.7044782209527696,159.0,0.02305015946651203,6739.0,0.976949840533488,0.2857142857142857,0.2857142857142857
clingen_28012026,Exomiser,113,46,0.40707964601769914,2.0,0.043478260869565216,44.0,0.9565217391304348,0.25,0.26785714285714285
clingen_28012026,Genebe,11407,9949,0.8721837468221267,8160.0,0.8395061728395061,1560.0,0.16049382716049382,1.0,1.0
clingen_28012026,TAPES,11407,4596,0.40291049355658803,362.0,0.07942079859587538,4196.0,0.9205792014041246,0.3333333333333333,0.3333333333333333
clingen_28012026,Franklin,9100,3741,0.4110989010989011,66.0,0.017684887459807074,3666.0,0.9823151125401929,0.5,0.5714285714285714
clingen_28012026,AutoGVP,9803,9492,0.968275017851678,323.0,0.03438730969871181,9070.0,0.9656126903012882,0.2857142857142857,0.2857142857142857
clingen_28012026,VIP-HL,198,92,0.46464646464646464,31.0,0.33695652173913043,61.0,0.6630434782608695,0.5,0.5
clingen_28012026,CancerSIGVAR,931,317,0.34049409237379163,31.0,0.09779179810725552,286.0,0.9022082018927445,0.3333333333333333,0.4
clingen_28012026,CPSR,3614,2213,0.6123408965135584,146.0,0.06597379123361952,2067.0,0.9340262087663804,0.375,0.5
foxl2,InterVar_2018,98,8,0.08163265306122448,0.0,0.0,8.0,1.0,0.4,0.5
foxl2,InterVar_2025,130,12,0.09230769230769231,0.0,0.0,12.0,1.0,0.1666666666666666,0.1111111111111111
foxl2,BIAS,288,59,0.2048611111111111,0.0,0.0,59.0,1.0,0.4,0.3333333333333333
foxl2,CharGer_Local,130,0,0.0,,,,,0.0,
foxl2,CharGer_Online,130,0,0.0,,,,,0.0,
foxl2,DiabloACMG,140,39,0.2785714285714286,0.0,0.0,39.0,1.0,0.3333333333333333,0.2857142857142857
foxl2,Exomiser,1,0,0.0,,,,,0.5,
foxl2,Genebe,288,119,0.4131944444444444,0.0,0.0,119.0,1.0,0.4,0.3333333333333333
foxl2,TAPES,288,10,0.034722222222222224,0.0,0.0,10.0,1.0,0.25,0.5
foxl2,Franklin,288,100,0.3472222222222222,0.0,0.0,100.0,1.0,0.4,0.5
foxl2,AutoGVP,130,35,0.2692307692307692,0.0,0.0,35.0,1.0,0.4,0.5
foxl2,VIP-HL,280,6,0.02142857142857143,0.0,0.0,6.0,1.0,0.25,0.41666666666666663
