tool,n_total_predictions,n_classification_concordant,classification_concordance_rate,n_class_concordant_evidence_evaluable,exact_evidence_match_rate,mean_jaccard,median_jaccard
AutoGVP,9803,9492,0.968275017851678,9393,0.03438730969871181,0.31166295585011655,0.2857142857142857
Genebe,11407,9949,0.8721837468221267,9720,0.8395061728395061,0.9087225651577503,1.0
DiabloACMG,9803,6906,0.7044782209527696,6898,0.02305015946651203,0.30562299761705386,0.2857142857142857
CPSR,3614,2213,0.6123408965135584,2213,0.06597379123361952,0.42272538176288743,0.5
BIAS,11407,5927,0.5195932322258262,5905,0.07485182049110924,0.3807235961893032,0.3333333333333333
VIP-HL,198,92,0.46464646464646464,92,0.33695652173913043,0.5925724637681159,0.5
InterVar_2018,7254,3347,0.4614006065618969,3336,0.10191846522781775,0.4079442398462182,0.3333333333333333
Franklin,9100,3741,0.4110989010989011,3732,0.017684887459807074,0.5452753086796495,0.5714285714285714
Exomiser,113,46,0.40707964601769914,46,0.043478260869565216,0.30934265010351963,0.26785714285714285
CharGer_Online,9803,3960,0.4039579720493726,3960,0.10353535353535354,0.3175878919060737,0.25
TAPES,11407,4596,0.40291049355658803,4558,0.07942079859587538,0.3866498464238701,0.3333333333333333
InterVar_2025,9509,3704,0.3895257124829109,3702,0.0037817396002160996,0.21568264258701858,0.1666666666666666
CharGer_Local,9803,3497,0.3567275323880445,3482,0.14215967834577828,0.4022154755066874,0.3333333333333333
CancerSIGVAR,931,317,0.34049409237379163,317,0.09779179810725552,0.43334459966952077,0.4
