tool,n_evaluable,n_adjusted_evaluable,raw_exact_match_rate,adjusted_exact_match_rate,raw_mean_jaccard,raw_median_jaccard,adjusted_mean_jaccard,adjusted_median_jaccard,median_supported_reference_recall,mean_supported_reference_recall,median_unsupported_reference_fraction,mean_unsupported_reference_fraction,delta_median_jaccard,delta_exact_match_rate
AutoGVP,9160,9159,0.03526200873362446,0.09018451796047604,0.3195906271070027,0.3,0.4283554037402711,0.4,0.6666666666666666,0.6499248671431189,0.2,0.22081047872073092,0.10000000000000003,0.05492250922685158
BIAS,5726,5726,0.07719175689835836,0.09046454767726161,0.39262536421547944,0.3333333333333333,0.4447479195427152,0.42857142857142855,0.8,0.7319571061243573,0.0,0.17481025009840936,0.09523809523809523,0.013272790778903254
CPSR,2135,2135,0.06838407494145199,0.13536299765807963,0.4381692130404074,0.5,0.5156128024980484,0.5,0.6666666666666666,0.62004557598617,0.0,0.14720512248615292,0.0,0.06697892271662764
CancerSIGVAR,312,312,0.09935897435897435,0.22115384615384615,0.4402892246642247,0.4,0.5625534188034188,0.5,0.6666666666666666,0.7351190476190476,0.25,0.244520757020757,0.09999999999999998,0.12179487179487179
CharGer_Local,3235,3235,0.15301391035548687,0.24853168469860895,0.43292559063810987,0.3333333333333333,0.5203297269448737,0.5,0.5,0.6338263665594857,0.0,0.2019334658129094,0.16666666666666669,0.09551777434312209
CharGer_Online,3715,3715,0.11036339165545088,0.185464333781965,0.33853245005331145,0.3333333333333333,0.4296366083445491,0.5,0.5,0.47507234201437504,0.25,0.26520316605780936,0.16666666666666669,0.07510094212651412
DiabloACMG,6687,6687,0.023777478689995513,0.03873186780320024,0.31526655264878684,0.3,0.3784293025320392,0.4,0.8,0.7182405591592498,0.25,0.24136627334249586,0.10000000000000003,0.014954389113204725
Exomiser,46,46,0.043478260869565216,0.08695652173913043,0.30934265010351963,0.26785714285714285,0.427536231884058,0.4,0.6666666666666666,0.6630434782608695,0.41428571428571426,0.38203933747412006,0.13214285714285717,0.043478260869565216
Franklin,3725,3725,0.017718120805369126,0.02228187919463087,0.5462999871120676,0.5714285714285714,0.5091690635985938,0.5,1.0,0.8317248933471694,0.25,0.21539437519974433,-0.0714285714285714,0.0045637583892617455
Genebe,9704,9606,0.8408903544929925,0.8910056214865709,0.9102208711184391,1.0,0.940403815075895,1.0,1.0,0.9694369181603446,0.3333333333333333,0.2644983376791622,0.0,0.05011526699357838
InterVar_2018,3188,3188,0.10664993726474278,0.12766624843161856,0.4268826800900201,0.375,0.477301786461134,0.5,1.0,0.7540770042194093,0.0,0.15722949154567722,0.125,0.021016311166875773
InterVar_2025,3560,3560,0.003932584269662922,0.0053370786516853935,0.22428571428571428,0.2,0.24519863563402888,0.2,0.5,0.49275321239606956,0.0,0.16929909042268593,0.0,0.0014044943820224719
TAPES,4324,4324,0.08371877890841813,0.10476410730804811,0.4075740055504163,0.3333333333333333,0.45693967226113386,0.5,0.6666666666666666,0.6853502443565278,0.0,0.13887631602132064,0.16666666666666669,0.021045328399629984
VIP-HL,88,88,0.3522727272727273,0.5227272727272727,0.6195075757575758,0.5,0.7263257575757576,1.0,1.0,0.9532520325203253,0.0,0.2128787878787879,0.5,0.17045454545454541
